date,A,B
19.06.2015 13:01,161,157
19.06.2015 13:04,155,158
19.06.2015 13:09,153,152
19.06.2015 13:11,158,151
19.06.2015 13:13,163,150
19.06.2015 13:15,161,154
19.06.2015 13:19,162,159
19.06.2015 13:21,166,158
19.06.2015 13:23,167,159
19.06.2015 13:25,172,164
19.06.2015 13:27,171,165
19.06.2015 13:31,165,170
19.06.2015 13:33,176,169
19.06.2015 13:35,163,168
19.06.2015 13:37,175,163
19.06.2015 13:39,170,174
19.06.2015 13:41,168,161
19.06.2015 13:43,169,171
19.06.2015 13:45,173,168
19.06.2015 13:47,165,166
19.06.2015 13:49,168,170
19.06.2015 13:51,150,162
19.06.2015 13:53,155,165
19.06.2015 13:55,153,147
19.06.2015 13:57,158,152
19.06.2015 13:59,177,151
19.06.2015 14:01,179,156
19.06.2015 14:03,180,173
19.06.2015 14:05,183,177
19.06.2015 14:07,173,180
19.06.2015 14:09,174,171
19.06.2015 14:12,182,179
19.06.2015 14:14,183,180
19.06.2015 14:16,178,175
19.06.2015 14:18,181,177
19.06.2015 14:20,177,174
19.06.2015 14:24,169,175
19.06.2015 14:26,171,166
19.06.2015 14:28,172,168
19.06.2015 14:31,174,169
19.06.2015 14:33,157,170
19.06.2015 14:35,162,155
19.06.2015 14:37,163,160
19.06.2015 14:41,166,159
19.06.2015 14:45,160,163
19.06.2015 14:47,156,157
19.06.2015 14:49,157,153
19.06.2015 14:51,158,154
19.06.2015 14:53,163,159
19.06.2015 14:55,165,161
19.06.2015 14:57,161,158
19.06.2015 14:59,162,159
19.06.2015 15:01,160,156
19.06.2015 15:03,164,160
19.06.2015 15:05,167,164
19.06.2015 15:07,162,158
19.06.2015 15:09,161,157
19.06.2015 15:11,164,160
19.06.2015 15:15,157,154
19.06.2015 15:17,163,160
19.06.2015 15:19,168,165
19.06.2015 15:21,171,167
19.06.2015 15:23,168,165
19.06.2015 15:25,165,162
19.06.2015 15:27,169,166
19.06.2015 15:29,167,164
19.06.2015 15:31,162,158
19.06.2015 15:34,157,153
19.06.2015 15:37,158,154
19.06.2015 15:39,155,151
19.06.2015 15:41,157,153
19.06.2015 15:43,166,163
19.06.2015 15:45,163,159
19.06.2015 15:47,164,160
19.06.2015 15:49,169,165
19.06.2015 15:51,173,169
19.06.2015 15:54,162,158
19.06.2015 15:56,158,154
19.06.2015 15:58,163,159
19.06.2015 16:03,158,155
19.06.2015 16:05,154,149
19.06.2015 16:07,148,145
19.06.2015 16:09,157,153
19.06.2015 16:11,163,159
19.06.2015 16:14,164,161
19.06.2015 16:16,158,154
19.06.2015 16:18,157,153
19.06.2015 16:20,151,148
19.06.2015 16:22,161,157
19.06.2015 16:24,155,151
19.06.2015 16:26,154,160
19.06.2015 16:28,155,154
19.06.2015 16:31,163,155
19.06.2015 16:33,157,160
19.06.2015 16:35,159,156
19.06.2015 16:37,164,158
19.06.2015 16:39,163,155
19.06.2015 16:41,160,150
19.06.2015 16:44,162,153
19.06.2015 16:46,159,151
19.06.2015 16:48,154,150
19.06.2015 16:50,157,144
19.06.2015 16:52,155,149
19.06.2015 16:54,153,148
19.06.2015 16:58,148,149
19.06.2015 18:01,152,150
19.06.2015 18:03,150,153
19.06.2015 18:05,151,149
19.06.2015 18:07,153,148
19.06.2015 18:09,157,147
19.06.2015 18:11,152,145
19.06.2015 18:16,151,151
19.06.2015 18:20,149,150
19.06.2015 18:22,154,155
19.06.2015 18:26,158,162
19.06.2015 18:28,165,170
19.06.2015 18:31,174,156
19.06.2015 18:33,160,159
19.06.2015 18:35,163,155
19.06.2015 18:37,159,151
19.06.2015 18:39,155,156
19.06.2015 18:41,159,160
19.06.2015 18:43,164,166
19.06.2015 18:45,170,161
19.06.2015 18:47,165,158
19.06.2015 18:49,161,165
19.06.2015 18:51,168,162
19.06.2015 18:53,164,161
19.06.2015 18:57,167,164
19.06.2015 18:59,166,163
19.06.2015 19:01,158,155
19.06.2015 19:03,163,161
19.06.2015 19:05,171,168
19.06.2015 19:07,173,170
19.06.2015 19:09,175,172
19.06.2015 19:11,166,163
19.06.2015 19:13,163,159
19.06.2015 19:15,168,165
19.06.2015 19:17,164,162
19.06.2015 19:19,161,158
19.06.2015 19:21,160,157
19.06.2015 19:23,157,154
19.06.2015 19:25,155,153
19.06.2015 19:27,153,150
19.06.2015 19:29,161,158
19.06.2015 19:31,156,153
19.06.2015 19:33,152,149
19.06.2015 19:35,159,156
19.06.2015 19:37,160,157
19.06.2015 19:39,154,150
19.06.2015 19:41,163,159
19.06.2015 19:43,156,153
19.06.2015 19:47,166,163
19.06.2015 19:49,157,155
19.06.2015 19:51,158,156
19.06.2015 19:53,159,158
19.06.2015 19:55,160,154
19.06.2015 19:58,157,159
19.06.2015 20:00,162,158
19.06.2015 20:02,161,161
19.06.2015 20:04,164,162
19.06.2015 20:08,158,155
19.06.2015 20:10,169,166
19.06.2015 20:12,167,165
19.06.2015 20:14,168,166
19.06.2015 20:16,165,163
19.06.2015 20:18,170,167
19.06.2015 20:20,167,164
19.06.2015 20:22,181,179
19.06.2015 20:24,176,174
19.06.2015 20:26,164,162
19.06.2015 20:28,169,167
19.06.2015 20:31,167,166
19.06.2015 20:33,169,167
19.06.2015 20:35,171,168
19.06.2015 20:37,175,173
19.06.2015 20:39,171,169
19.06.2015 20:41,176,174
19.06.2015 20:43,175,173
19.06.2015 20:45,179,177
19.06.2015 20:47,176,174
19.06.2015 20:49,183,180
19.06.2015 20:53,181,181
19.06.2015 20:55,183,179
19.06.2015 20:57,178,180
19.06.2015 20:59,177,176
19.06.2015 21:01,179,175
19.06.2015 21:03,172,178
19.06.2015 21:05,176,171
19.06.2015 21:07,181,174
19.06.2015 21:09,185,179
19.06.2015 21:11,179,182
19.06.2015 21:13,188,177
19.06.2015 21:16,186,185
19.06.2015 21:18,181,184
19.06.2015 21:20,182,179
19.06.2015 21:22,180,180
19.06.2015 21:24,175,177
19.06.2015 21:26,171,172
19.06.2015 21:28,174,169
19.06.2015 21:31,176,171
19.06.2015 21:33,180,175
19.06.2015 21:35,181,178
19.06.2015 21:39,183,179
19.06.2015 21:41,182,178
19.06.2015 21:43,183,181
19.06.2015 21:45,178,180
19.06.2015 21:47,177,181
19.06.2015 21:49,176,176
19.06.2015 21:51,175,174
19.06.2015 21:53,172,172
19.06.2015 21:55,167,168
19.06.2015 21:57,174,165
19.06.2015 21:59,165,172
19.06.2015 22:01,163,163
19.06.2015 22:03,165,159
19.06.2015 22:05,163,161
19.06.2015 22:07,164,160
19.06.2015 22:09,167,162
19.06.2015 22:11,166,165
19.06.2015 22:13,168,164
19.06.2015 22:15,164,165
19.06.2015 22:17,166,162
19.06.2015 22:19,173,164
19.06.2015 22:21,163,171
19.06.2015 22:23,162,160
19.06.2015 22:25,163,159
19.06.2015 22:27,158,160
19.06.2015 22:29,161,155
19.06.2015 22:33,163,160
19.06.2015 22:35,160,159
19.06.2015 22:37,155,158
19.06.2015 22:39,156,153
19.06.2015 22:41,155,151
19.06.2015 22:43,151,148
19.06.2015 22:45,154,151
19.06.2015 22:51,151,150
19.06.2015 22:55,153,151
19.06.2015 22:57,152,149
19.06.2015 23:00,148,148
19.06.2015 23:02,150,150
19.06.2015 23:04,145,149
19.06.2015 23:06,147,146
19.06.2015 23:08,145,147
19.06.2015 23:10,148,143
19.06.2015 23:12,141,144
19.06.2015 23:14,140,142
19.06.2015 23:16,142,145
19.06.2015 23:18,146,138
19.06.2015 23:20,149,139
19.06.2015 23:22,136,143
19.06.2015 23:24,146,146
19.06.2015 23:26,143,133
19.06.2015 23:28,142,144
19.06.2015 23:31,138,140
19.06.2015 23:33,135,136
19.06.2015 23:35,143,133
19.06.2015 23:37,139,141
19.06.2015 23:39,140,137
19.06.2015 23:41,137,139
19.06.2015 23:43,132,135
19.06.2015 23:45,130,130
19.06.2015 23:49,131,127
19.06.2015 23:51,130,129
19.06.2015 23:53,136,127
19.06.2015 23:55,139,133
19.06.2015 23:57,129,136
19.06.2015 23:59,131,127
20.06.2015 0:02,129,128
20.06.2015 0:04,123,121
20.06.2015 0:08,121,120
20.06.2015 0:10,124,117
20.06.2015 0:12,127,120
20.06.2015 0:14,121,124
20.06.2015 0:16,128,118
20.06.2015 0:18,124,125
20.06.2015 0:20,126,121
20.06.2015 0:22,119,123
20.06.2015 0:24,116,116
20.06.2015 0:26,119,113
20.06.2015 0:28,117,116
20.06.2015 0:31,122,115
20.06.2015 0:35,116,119
20.06.2015 0:37,123,114
20.06.2015 0:39,116,120
20.06.2015 0:41,114,114
20.06.2015 0:43,112,112
20.06.2015 0:45,108,110
20.06.2015 0:47,110,104
20.06.2015 0:49,108,107
20.06.2015 0:51,111,105
20.06.2015 0:53,112,108
20.06.2015 0:55,107,110
20.06.2015 0:57,111,104
20.06.2015 1:01,116,108
20.06.2015 1:03,107,113
20.06.2015 1:07,103,104
20.06.2015 1:09,102,101
20.06.2015 1:13,104,100
20.06.2015 1:15,110,102
20.06.2015 1:17,115,109
20.06.2015 1:19,110,113
20.06.2015 1:23,114,107
20.06.2015 1:25,112,108
20.06.2015 1:27,118,112
20.06.2015 1:29,113,109
20.06.2015 1:31,109,116
20.06.2015 1:33,103,111
20.06.2015 1:35,113,107
20.06.2015 1:38,111,100
20.06.2015 1:40,108,111
20.06.2015 1:42,112,109
20.06.2015 1:44,107,105
20.06.2015 1:46,108,109
20.06.2015 1:48,97,105
20.06.2015 1:52,92,95
20.06.2015 1:54,90,90
20.06.2015 1:56,86,89
20.06.2015 1:58,91,84
20.06.2015 2:01,84,90
20.06.2015 2:03,87,82
20.06.2015 2:05,84,85
20.06.2015 2:07,88,81
20.06.2015 2:09,84,85
20.06.2015 2:11,82,81
20.06.2015 2:13,85,80
20.06.2015 2:15,86,83
20.06.2015 2:17,85,79
20.06.2015 2:19,84,83
20.06.2015 2:21,81,92
20.06.2015 2:23,85,90
20.06.2015 2:25,94,91
20.06.2015 2:27,92,93
20.06.2015 2:31,95,95
20.06.2015 2:33,97,87
20.06.2015 2:35,98,91
20.06.2015 2:37,90,99
20.06.2015 2:39,94,96
20.06.2015 2:41,100,97
20.06.2015 2:43,98,96
20.06.2015 2:45,99,86
20.06.2015 2:49,88,90
20.06.2015 2:51,92,86
20.06.2015 2:53,88,83
20.06.2015 2:55,86,87
20.06.2015 2:57,85,84
20.06.2015 2:59,88,89
20.06.2015 3:01,86,96
20.06.2015 3:05,91,98
20.06.2015 3:07,98,97
20.06.2015 3:09,100,100
20.06.2015 3:14,103,109
20.06.2015 3:16,112,98
20.06.2015 3:18,100,91
20.06.2015 3:22,94,92
20.06.2015 3:26,98,97
20.06.2015 3:28,95,93
20.06.2015 3:31,97,95
20.06.2015 3:33,99,97
20.06.2015 3:35,87,85
20.06.2015 3:37,90,88
20.06.2015 3:39,87,85
20.06.2015 3:41,86,84
20.06.2015 3:43,92,90
20.06.2015 3:45,89,88
20.06.2015 3:47,90,89
20.06.2015 3:49,87,85
20.06.2015 3:51,98,96
20.06.2015 3:53,96,94
20.06.2015 3:55,94,92
20.06.2015 3:57,90,89
20.06.2015 3:59,84,83
20.06.2015 4:01,83,81
20.06.2015 4:03,87,85
20.06.2015 4:07,82,84
20.06.2015 4:09,94,80
20.06.2015 4:11,90,92
20.06.2015 4:13,89,87
20.06.2015 4:15,88,86
20.06.2015 4:17,83,80
20.06.2015 4:19,81,79
20.06.2015 4:21,83,81
20.06.2015 4:23,79,77
20.06.2015 4:25,78,76
20.06.2015 4:27,84,82
20.06.2015 4:29,86,84
20.06.2015 4:33,77,74
20.06.2015 4:35,79,75
20.06.2015 4:37,81,78
20.06.2015 4:39,85,83
20.06.2015 4:41,87,85
20.06.2015 4:44,83,81
20.06.2015 4:46,87,84
20.06.2015 4:48,79,76
20.06.2015 4:50,76,78
20.06.2015 4:52,88,85
20.06.2015 4:54,79,76
20.06.2015 4:56,86,82
20.06.2015 4:58,79,75
20.06.2015 5:02,82,76
20.06.2015 5:04,79,79
20.06.2015 5:06,78,76
20.06.2015 5:08,83,74
20.06.2015 5:10,79,80
20.06.2015 5:12,85,76
20.06.2015 5:14,83,82
20.06.2015 5:16,94,80
20.06.2015 5:20,88,91
20.06.2015 5:22,87,85
20.06.2015 5:24,83,80
20.06.2015 5:26,86,85
20.06.2015 5:28,82,80
20.06.2015 5:31,83,81
20.06.2015 5:33,88,86
20.06.2015 5:35,91,89
20.06.2015 5:37,85,83
20.06.2015 5:39,78,76
20.06.2015 5:41,83,81
20.06.2015 5:43,85,83
20.06.2015 5:45,81,80
20.06.2015 5:47,89,88
20.06.2015 5:51,91,87
20.06.2015 5:53,101,89
20.06.2015 5:55,97,99
20.06.2015 5:57,94,94
20.06.2015 5:59,93,92
20.06.2015 6:01,91,90
20.06.2015 6:03,97,88
20.06.2015 6:07,86,94
20.06.2015 6:09,92,95
20.06.2015 6:11,93,84
20.06.2015 6:13,87,89
20.06.2015 6:15,94,91
20.06.2015 6:17,87,85
20.06.2015 6:21,88,92
20.06.2015 6:23,86,85
20.06.2015 6:25,94,86
20.06.2015 6:27,92,87
20.06.2015 6:30,93,84
20.06.2015 6:32,95,93
20.06.2015 6:34,97,90
20.06.2015 6:36,94,91
20.06.2015 6:40,93,92
20.06.2015 6:44,97,96
20.06.2015 6:46,104,93
20.06.2015 6:48,100,92
20.06.2015 6:50,105,91
20.06.2015 6:54,108,95
20.06.2015 6:56,113,102
20.06.2015 6:58,110,98
20.06.2015 7:01,114,103
20.06.2015 7:03,118,104
20.06.2015 7:05,108,107
20.06.2015 7:07,103,110
20.06.2015 7:09,109,108
20.06.2015 7:11,112,112
20.06.2015 7:13,107,115
20.06.2015 7:15,117,105
20.06.2015 7:17,123,101
20.06.2015 7:19,110,106
20.06.2015 7:21,103,109
20.06.2015 7:23,105,104
20.06.2015 7:25,128,114
20.06.2015 7:27,115,120
20.06.2015 7:29,114,107
20.06.2015 7:31,120,101
20.06.2015 7:33,119,103
20.06.2015 7:35,118,125
20.06.2015 7:37,110,114
20.06.2015 7:39,117,112
20.06.2015 7:41,127,117
20.06.2015 7:43,122,116
20.06.2015 7:45,114,108
20.06.2015 7:47,117,115
20.06.2015 7:49,120,125
20.06.2015 7:53,123,119
20.06.2015 7:55,115,111
20.06.2015 7:58,120,114
20.06.2015 8:01,127,116
20.06.2015 8:03,131,117
20.06.2015 8:05,126,121
20.06.2015 8:09,125,114
20.06.2015 8:11,132,118
20.06.2015 8:13,130,125
20.06.2015 8:15,131,128
20.06.2015 8:17,139,123
20.06.2015 8:19,133,124
20.06.2015 8:21,132,123
20.06.2015 8:23,127,131
20.06.2015 8:25,139,128
20.06.2015 8:27,137,129
20.06.2015 8:29,142,137
20.06.2015 8:31,136,131
20.06.2015 8:33,145,129
20.06.2015 8:35,134,125
20.06.2015 8:37,135,137
20.06.2015 8:39,134,136
20.06.2015 8:41,140,141
20.06.2015 8:43,135,134
20.06.2015 8:47,133,143
20.06.2015 8:49,136,133
20.06.2015 8:53,140,138
20.06.2015 8:57,148,133
20.06.2015 8:59,147,131
20.06.2015 9:03,149,135
20.06.2015 9:05,151,133
20.06.2015 9:10,149,139
20.06.2015 9:12,142,138
20.06.2015 9:14,144,145
20.06.2015 9:16,146,148
20.06.2015 9:18,149,150
20.06.2015 9:20,148,149
20.06.2015 9:22,139,147
20.06.2015 9:24,143,140
20.06.2015 9:26,152,141
20.06.2015 9:28,150,144
20.06.2015 9:33,151,148
20.06.2015 9:35,156,146
20.06.2015 9:37,149,137
20.06.2015 9:39,155,141
20.06.2015 9:41,154,150
20.06.2015 9:43,149,149
20.06.2015 9:45,156,148
20.06.2015 9:47,148,150
20.06.2015 9:49,153,155
20.06.2015 9:51,159,147
20.06.2015 9:53,160,153
20.06.2015 9:55,162,152
20.06.2015 9:57,167,148
20.06.2015 10:01,165,154
20.06.2015 10:03,164,147
20.06.2015 10:05,171,152
20.06.2015 10:07,164,157
20.06.2015 10:09,158,159
20.06.2015 10:11,154,161
20.06.2015 10:13,164,165
20.06.2015 10:15,160,162
20.06.2015 10:17,169,169
20.06.2015 10:19,156,162
20.06.2015 10:21,166,156
20.06.2015 10:23,163,152
20.06.2015 10:25,158,164
20.06.2015 10:27,161,158
20.06.2015 10:29,157,168
20.06.2015 10:31,160,155
20.06.2015 10:35,154,164
20.06.2015 10:37,156,157
20.06.2015 10:39,155,160
20.06.2015 10:41,156,155
20.06.2015 10:43,155,158
20.06.2015 10:45,157,159
20.06.2015 10:47,152,153
20.06.2015 10:49,155,154
20.06.2015 10:51,152,152
20.06.2015 10:53,162,154
20.06.2015 10:56,163,153
20.06.2015 10:58,159,155
20.06.2015 11:01,158,150
20.06.2015 11:03,161,153
20.06.2015 11:05,158,150
20.06.2015 11:07,161,161
20.06.2015 11:11,160,157
20.06.2015 11:13,161,155
20.06.2015 11:15,164,159
20.06.2015 11:17,160,156
20.06.2015 11:19,168,159
20.06.2015 11:21,167,160
20.06.2015 11:23,159,158
20.06.2015 11:25,165,162
20.06.2015 11:27,158,159
20.06.2015 11:29,159,166
20.06.2015 11:31,161,164
20.06.2015 11:33,163,157
20.06.2015 11:35,158,163
20.06.2015 11:37,153,156
20.06.2015 11:39,154,157
20.06.2015 11:41,156,158
20.06.2015 11:43,161,161
20.06.2015 11:45,156,155
20.06.2015 11:47,160,150
20.06.2015 11:51,164,152
20.06.2015 11:53,160,154
20.06.2015 11:55,157,158
20.06.2015 11:57,158,153
20.06.2015 11:59,162,157
20.06.2015 12:01,156,158
20.06.2015 12:03,155,161
20.06.2015 12:05,153,158
20.06.2015 12:07,155,155
20.06.2015 12:11,156,156
20.06.2015 12:13,152,159
20.06.2015 12:15,154,153
20.06.2015 12:17,151,152
20.06.2015 12:19,157,151
20.06.2015 12:25,153,152
20.06.2015 12:28,155,154
20.06.2015 12:30,152,150
20.06.2015 12:32,151,151
20.06.2015 12:34,153,148
20.06.2015 12:36,158,155
20.06.2015 12:38,153,154
20.06.2015 12:40,147,150
20.06.2015 12:42,148,153
20.06.2015 12:44,147,149
20.06.2015 12:46,150,155
20.06.2015 12:48,148,150
20.06.2015 12:50,152,144
20.06.2015 12:52,157,146
20.06.2015 12:54,155,145
20.06.2015 12:56,154,148
20.06.2015 12:58,159,145
20.06.2015 13:01,158,150
20.06.2015 13:03,159,154
20.06.2015 13:05,160,153
20.06.2015 13:07,155,151
20.06.2015 13:09,158,157
20.06.2015 13:11,163,156
20.06.2015 13:13,164,157
20.06.2015 13:17,170,153
20.06.2015 13:19,168,155
20.06.2015 13:21,159,160
20.06.2015 13:23,157,161
20.06.2015 13:25,167,162
20.06.2015 13:27,156,167
20.06.2015 13:29,155,158
20.06.2015 13:31,163,155
20.06.2015 13:33,167,165
20.06.2015 13:35,163,154
20.06.2015 13:37,160,152
20.06.2015 13:39,161,160
20.06.2015 13:41,162,164
20.06.2015 13:43,167,160
20.06.2015 13:45,169,158
20.06.2015 13:47,168,159
20.06.2015 13:49,166,160
20.06.2015 13:51,167,164
20.06.2015 13:53,178,167
20.06.2015 13:55,177,165
20.06.2015 13:57,187,164
20.06.2015 13:59,186,165
20.06.2015 14:01,184,176
20.06.2015 14:03,171,174
20.06.2015 14:05,174,185
20.06.2015 14:07,168,183
20.06.2015 14:10,169,182
20.06.2015 14:12,174,168
20.06.2015 14:14,178,172
20.06.2015 14:16,174,165
20.06.2015 14:18,170,166
20.06.2015 14:20,176,171
20.06.2015 14:22,171,175
20.06.2015 14:24,170,171
20.06.2015 14:28,166,167
20.06.2015 14:31,161,173
20.06.2015 14:33,160,168
20.06.2015 14:35,158,166
20.06.2015 14:37,161,167
20.06.2015 14:39,168,162
20.06.2015 14:41,172,157
20.06.2015 14:43,165,156
20.06.2015 14:45,159,158
20.06.2015 14:47,166,165
20.06.2015 14:49,163,169
20.06.2015 14:51,165,163
20.06.2015 14:53,161,156
20.06.2015 14:55,158,163
20.06.2015 14:57,159,160
20.06.2015 14:59,161,161
20.06.2015 15:01,163,158
20.06.2015 15:03,162,155
20.06.2015 15:05,160,157
20.06.2015 15:07,164,159
20.06.2015 15:11,166,162
20.06.2015 15:13,165,159
20.06.2015 15:15,170,158
20.06.2015 15:17,172,162
20.06.2015 15:19,175,163
20.06.2015 15:21,174,162
20.06.2015 15:24,175,167
20.06.2015 15:27,176,169
20.06.2015 15:29,175,173
20.06.2015 15:31,172,172
20.06.2015 15:33,170,169
20.06.2015 15:35,168,167
20.06.2015 15:37,170,166
20.06.2015 15:39,171,168
20.06.2015 15:43,181,169
20.06.2015 15:45,179,177
20.06.2015 15:47,176,173
20.06.2015 15:49,183,180
20.06.2015 15:51,176,173
20.06.2015 15:53,187,184
20.06.2015 15:55,179,176
20.06.2015 15:57,175,172
20.06.2015 15:59,168,165
20.06.2015 16:01,173,170
20.06.2015 16:03,182,179
20.06.2015 16:05,166,163
20.06.2015 16:07,160,157
20.06.2015 16:09,162,159
20.06.2015 16:11,168,166
20.06.2015 16:13,170,167
20.06.2015 16:15,168,165
20.06.2015 16:17,165,162
20.06.2015 16:19,168,165
20.06.2015 16:21,165,162
20.06.2015 16:23,171,168
20.06.2015 16:25,174,171
20.06.2015 16:27,171,169
20.06.2015 16:29,169,166
20.06.2015 16:32,171,168
20.06.2015 16:34,170,160
20.06.2015 16:36,162,170
20.06.2015 16:38,173,160
20.06.2015 16:40,162,165
20.06.2015 16:42,167,161
20.06.2015 16:46,164,166
20.06.2015 16:48,169,168
20.06.2015 16:50,171,169
20.06.2015 16:52,172,168
20.06.2015 16:54,171,157
20.06.2015 16:56,159,156
20.06.2015 17:01,164,161
20.06.2015 17:03,162,159
20.06.2015 17:05,163,160
20.06.2015 17:07,169,166
20.06.2015 17:09,163,160
20.06.2015 17:11,153,150
20.06.2015 17:13,167,164
20.06.2015 17:15,162,159
20.06.2015 17:17,164,160
20.06.2015 17:21,158,161
20.06.2015 17:23,164,155
20.06.2015 17:25,171,161
20.06.2015 17:27,167,168
20.06.2015 17:29,162,164
20.06.2015 17:31,160,158
20.06.2015 17:33,158,157
20.06.2015 17:35,156,155
20.06.2015 17:37,159,153
20.06.2015 17:39,161,156
20.06.2015 17:41,153,158
20.06.2015 17:43,161,151
20.06.2015 17:47,162,158
20.06.2015 17:49,161,159
20.06.2015 17:51,168,158
20.06.2015 17:55,169,165
20.06.2015 17:58,162,164
20.06.2015 18:00,172,165
20.06.2015 18:02,170,159
20.06.2015 18:04,167,169
20.06.2015 18:06,162,166
20.06.2015 18:08,159,163
20.06.2015 18:14,158,159
20.06.2015 18:16,156,156
20.06.2015 18:18,154,154
20.06.2015 18:20,155,153
20.06.2015 18:22,158,151
20.06.2015 18:24,160,152
20.06.2015 18:26,166,155
20.06.2015 18:28,171,157
20.06.2015 18:31,172,163
20.06.2015 18:33,167,168
20.06.2015 18:35,175,169
20.06.2015 18:37,179,164
20.06.2015 18:39,164,173
20.06.2015 18:41,165,176
20.06.2015 18:43,164,161
20.06.2015 18:45,157,162
20.06.2015 18:47,155,154
20.06.2015 18:51,151,152
20.06.2015 18:53,157,148
20.06.2015 18:55,169,155
20.06.2015 18:57,159,166
20.06.2015 18:59,156,156
20.06.2015 19:01,155,153
20.06.2015 19:03,160,152
20.06.2015 19:05,163,157
20.06.2015 19:07,162,160
20.06.2015 19:09,161,159
20.06.2015 19:11,159,158
20.06.2015 19:13,153,155
20.06.2015 19:15,150,148
20.06.2015 19:19,156,147
20.06.2015 19:21,165,153
20.06.2015 19:23,150,162
20.06.2015 19:25,152,146
20.06.2015 19:27,148,149
20.06.2015 19:29,153,146
20.06.2015 19:31,151,150
20.06.2015 19:33,153,148
20.06.2015 19:35,151,150
20.06.2015 19:37,150,148
20.06.2015 19:39,156,147
20.06.2015 19:41,155,153
20.06.2015 19:43,153,150
20.06.2015 19:45,154,152
20.06.2015 19:47,156,154
20.06.2015 19:49,154,151
20.06.2015 19:53,153,150
20.06.2015 19:56,154,151
20.06.2015 20:00,160,157
20.06.2015 20:04,157,154
20.06.2015 20:06,164,161
20.06.2015 20:10,166,162
20.06.2015 20:14,161,163
20.06.2015 20:16,166,164
20.06.2015 20:18,159,158
20.06.2015 20:20,161,163
20.06.2015 20:22,164,156
20.06.2015 20:24,163,157
20.06.2015 20:26,167,161
20.06.2015 20:28,158,164
20.06.2015 20:31,165,156
20.06.2015 20:33,170,163
20.06.2015 20:35,174,167
20.06.2015 20:37,181,171
20.06.2015 20:39,179,178
20.06.2015 20:41,178,176
20.06.2015 20:43,183,175
20.06.2015 20:45,189,181
20.06.2015 20:47,190,186
20.06.2015 20:49,189,187
20.06.2015 20:53,180,186
20.06.2015 20:55,190,177
20.06.2015 20:57,195,187
20.06.2015 20:59,199,192
20.06.2015 21:01,195,197
20.06.2015 21:03,188,192
20.06.2015 21:05,187,184
20.06.2015 21:07,185,183
20.06.2015 21:09,188,185
20.06.2015 21:11,187,176
20.06.2015 21:13,178,172
20.06.2015 21:15,175,178
20.06.2015 21:17,181,175
20.06.2015 21:19,177,170
20.06.2015 21:21,172,168
20.06.2015 21:23,170,170
20.06.2015 21:25,173,167
20.06.2015 21:27,171,170
20.06.2015 21:29,173,175
20.06.2015 21:31,178,176
20.06.2015 21:33,180,174
20.06.2015 21:35,177,173
20.06.2015 21:39,179,175
20.06.2015 21:41,176,172
20.06.2015 21:44,177,173
20.06.2015 21:46,182,179
20.06.2015 21:50,183,181
20.06.2015 21:52,184,174
20.06.2015 21:54,178,173
20.06.2015 21:56,177,169
20.06.2015 21:58,173,171
20.06.2015 22:00,175,165
20.06.2015 22:02,168,171
20.06.2015 22:04,174,172
20.06.2015 22:06,175,169
20.06.2015 22:08,172,167
20.06.2015 22:10,171,164
20.06.2015 22:12,167,167
20.06.2015 22:14,171,170
20.06.2015 22:16,173,163
20.06.2015 22:18,166,160
20.06.2015 22:20,163,162
20.06.2015 22:22,162,153
20.06.2015 22:24,165,155
20.06.2015 22:26,156,151
20.06.2015 22:28,160,152
20.06.2015 22:31,154,157
20.06.2015 22:33,156,152
20.06.2015 22:35,161,163
20.06.2015 22:37,156,177
20.06.2015 22:39,166,172
20.06.2015 22:41,167,173
20.06.2015 22:43,181,147
20.06.2015 22:45,176,154
20.06.2015 22:49,177,147
20.06.2015 22:51,151,144
20.06.2015 22:53,157,136
20.06.2015 22:55,151,139
20.06.2015 22:57,148,132
20.06.2015 22:59,139,142
20.06.2015 23:01,143,135
20.06.2015 23:05,136,142
20.06.2015 23:07,145,139
20.06.2015 23:09,138,141
20.06.2015 23:11,145,144
20.06.2015 23:13,142,142
20.06.2015 23:15,144,141
20.06.2015 23:17,148,140
20.06.2015 23:19,146,147
20.06.2015 23:21,145,139
20.06.2015 23:23,143,133
20.06.2015 23:25,150,137
20.06.2015 23:27,142,147
20.06.2015 23:29,136,136
20.06.2015 23:33,140,135
20.06.2015 23:35,151,130
20.06.2015 23:37,139,125
20.06.2015 23:41,133,130
20.06.2015 23:45,128,139
20.06.2015 23:47,133,133
20.06.2015 23:49,141,135
20.06.2015 23:52,135,131
20.06.2015 23:54,137,113
20.06.2015 23:56,133,127
20.06.2015 23:58,115,112
21.06.2015 0:00,130,115
21.06.2015 0:02,115,111
21.06.2015 0:04,118,106
21.06.2015 0:06,113,103
21.06.2015 0:08,109,106
21.06.2015 0:10,106,109
21.06.2015 0:12,108,105
21.06.2015 0:16,112,103
21.06.2015 0:18,108,106
21.06.2015 0:20,106,102
21.06.2015 0:22,108,105
21.06.2015 0:24,105,108
21.06.2015 0:26,109,101
21.06.2015 0:28,112,105
21.06.2015 0:31,105,110
21.06.2015 0:33,109,103
21.06.2015 0:35,114,100
21.06.2015 0:37,105,105
21.06.2015 0:39,103,101
21.06.2015 0:41,108,95
21.06.2015 0:43,105,98
21.06.2015 0:45,99,96
21.06.2015 0:47,102,100
21.06.2015 0:49,99,91
21.06.2015 0:51,103,94
21.06.2015 0:53,94,93
21.06.2015 0:55,97,94
21.06.2015 0:57,96,105
21.06.2015 0:59,97,100
21.06.2015 1:01,108,98
21.06.2015 1:03,103,91
21.06.2015 1:05,101,100
21.06.2015 1:09,94,99
21.06.2015 1:11,102,100
21.06.2015 1:13,101,99
21.06.2015 1:15,102,88
21.06.2015 1:17,101,87
21.06.2015 1:19,90,91
21.06.2015 1:23,94,90
21.06.2015 1:25,93,89
21.06.2015 1:27,91,92
21.06.2015 1:31,92,95
21.06.2015 1:33,94,94
21.06.2015 1:35,97,90
21.06.2015 1:37,96,89
21.06.2015 1:39,91,90
21.06.2015 1:41,90,85
21.06.2015 1:43,92,80
21.06.2015 1:45,88,81
21.06.2015 1:47,82,90
21.06.2015 1:49,83,88
21.06.2015 1:51,92,89
21.06.2015 1:53,90,87
21.06.2015 1:55,91,91
21.06.2015 1:59,88,88
21.06.2015 2:03,93,90
21.06.2015 2:05,90,88
21.06.2015 2:07,93,81
21.06.2015 2:09,90,83
21.06.2015 2:11,91,88
21.06.2015 2:15,84,86
21.06.2015 2:17,85,90
21.06.2015 2:19,90,87
21.06.2015 2:21,88,88
21.06.2015 2:23,92,93
21.06.2015 2:25,90,97
21.06.2015 2:29,95,90
21.06.2015 2:31,99,88
21.06.2015 2:33,94,91
21.06.2015 2:35,91,90
21.06.2015 2:39,94,85
21.06.2015 2:41,93,89
21.06.2015 2:43,87,90
21.06.2015 2:45,91,96
21.06.2015 2:47,93,92
21.06.2015 2:49,98,86
21.06.2015 2:51,95,90
21.06.2015 2:53,88,89
21.06.2015 2:55,92,83
21.06.2015 2:57,91,88
21.06.2015 2:59,85,83
21.06.2015 3:01,90,81
21.06.2015 3:03,85,84
21.06.2015 3:05,83,89
21.06.2015 3:07,87,96
21.06.2015 3:09,91,94
21.06.2015 3:11,99,95
21.06.2015 3:13,96,100
21.06.2015 3:15,97,90
21.06.2015 3:17,102,86
21.06.2015 3:19,92,84
21.06.2015 3:21,89,91
21.06.2015 3:23,87,86
21.06.2015 3:27,94,87
21.06.2015 3:29,88,84
21.06.2015 3:31,90,90
21.06.2015 3:33,87,88
21.06.2015 3:35,93,79
21.06.2015 3:37,91,78
21.06.2015 3:39,82,82
21.06.2015 3:41,81,83
21.06.2015 3:43,85,79
21.06.2015 3:47,82,87
21.06.2015 3:49,88,84
21.06.2015 3:51,86,86
21.06.2015 3:54,89,78
21.06.2015 3:56,81,87
21.06.2015 3:58,90,88
21.06.2015 4:01,91,91
21.06.2015 4:03,93,83
21.06.2015 4:05,85,85
21.06.2015 4:07,88,89
21.06.2015 4:09,92,90
21.06.2015 4:13,94,85
21.06.2015 4:15,89,83
21.06.2015 4:17,87,77
21.06.2015 4:19,75,75
21.06.2015 4:21,78,77
21.06.2015 4:23,80,75
21.06.2015 4:25,78,78
21.06.2015 4:27,81,77
21.06.2015 4:29,82,83
21.06.2015 4:31,81,78
21.06.2015 4:33,86,75
21.06.2015 4:35,81,82
21.06.2015 4:37,78,79
21.06.2015 4:39,85,78
21.06.2015 4:41,82,76
21.06.2015 4:45,81,82
21.06.2015 4:47,78,85
21.06.2015 4:49,84,81
21.06.2015 4:51,88,83
21.06.2015 4:53,84,78
21.06.2015 4:55,85,85
21.06.2015 4:57,76,86
21.06.2015 4:59,88,82
21.06.2015 5:01,89,81
21.06.2015 5:03,86,79
21.06.2015 5:05,85,81
21.06.2015 5:07,82,75
21.06.2015 5:09,83,76
21.06.2015 5:11,79,77
21.06.2015 5:13,78,78
21.06.2015 5:15,75,77
21.06.2015 5:17,81,79
21.06.2015 5:19,79,84
21.06.2015 5:21,77,88
21.06.2015 5:24,76,101
21.06.2015 5:26,87,103
21.06.2015 5:28,91,101
21.06.2015 5:31,104,84
21.06.2015 5:33,106,75
21.06.2015 5:35,103,76
21.06.2015 5:37,87,75
21.06.2015 5:39,78,77
21.06.2015 5:41,79,78
21.06.2015 5:43,77,83
21.06.2015 5:45,80,85
21.06.2015 5:47,81,84
21.06.2015 5:49,86,83
21.06.2015 5:51,88,85
21.06.2015 5:53,87,83
21.06.2015 5:55,85,87
21.06.2015 5:57,88,88
21.06.2015 5:59,86,89
21.06.2015 6:01,90,94
21.06.2015 6:03,91,92
21.06.2015 6:05,92,89
21.06.2015 6:07,97,86
21.06.2015 6:09,94,88
21.06.2015 6:11,91,89
21.06.2015 6:13,88,83
21.06.2015 6:15,91,86
21.06.2015 6:19,86,87
21.06.2015 6:21,89,84
21.06.2015 6:23,90,91
21.06.2015 6:25,87,92
21.06.2015 6:27,93,87
21.06.2015 6:29,95,85
21.06.2015 6:31,89,84
21.06.2015 6:33,87,79
21.06.2015 6:35,88,89
21.06.2015 6:37,86,87
21.06.2015 6:39,81,86
21.06.2015 6:41,90,92
21.06.2015 6:43,89,91
21.06.2015 6:47,95,99
21.06.2015 6:51,93,101
21.06.2015 6:53,102,102
21.06.2015 6:57,103,108
21.06.2015 6:59,105,103
21.06.2015 7:01,110,94
21.06.2015 7:03,106,99
21.06.2015 7:05,97,100
21.06.2015 7:07,101,105
21.06.2015 7:09,103,107
21.06.2015 7:11,107,108
21.06.2015 7:13,109,103
21.06.2015 7:15,110,99
21.06.2015 7:17,106,114
21.06.2015 7:19,102,104
21.06.2015 7:22,116,100
21.06.2015 7:24,106,98
21.06.2015 7:26,102,105
21.06.2015 7:31,109,102
21.06.2015 7:33,105,101
21.06.2015 7:35,104,106
21.06.2015 7:37,109,105
21.06.2015 7:41,107,106
21.06.2015 7:43,110,120
21.06.2015 7:45,123,111
21.06.2015 7:47,114,107
21.06.2015 7:49,109,112
21.06.2015 7:51,115,117
21.06.2015 7:53,120,115
21.06.2015 7:55,117,121
21.06.2015 7:57,124,122
21.06.2015 7:59,125,128
21.06.2015 8:01,131,121
21.06.2015 8:03,124,127
21.06.2015 8:05,130,126
21.06.2015 8:07,128,129
21.06.2015 8:09,131,122
21.06.2015 8:11,125,115
21.06.2015 8:13,117,119
21.06.2015 8:15,121,117
21.06.2015 8:17,119,126
21.06.2015 8:21,128,120
21.06.2015 8:23,122,130
21.06.2015 8:25,131,120
21.06.2015 8:27,122,121
21.06.2015 8:29,123,123
21.06.2015 8:31,125,118
21.06.2015 8:33,121,121
21.06.2015 8:35,123,126
21.06.2015 8:37,128,123
21.06.2015 8:39,125,129
21.06.2015 8:41,126,125
21.06.2015 8:43,131,133
21.06.2015 8:45,128,137
21.06.2015 8:47,135,132
21.06.2015 8:49,140,137
21.06.2015 8:51,135,135
21.06.2015 8:53,139,140
21.06.2015 8:55,137,136
21.06.2015 8:57,142,142
21.06.2015 8:59,138,138
21.06.2015 9:01,144,145
21.06.2015 9:04,139,150
21.06.2015 9:06,147,134
21.06.2015 9:08,151,133
21.06.2015 9:10,135,132
21.06.2015 9:12,134,134
21.06.2015 9:16,137,141
21.06.2015 9:18,142,140
21.06.2015 9:20,143,148
21.06.2015 9:22,142,138
21.06.2015 9:24,150,141
21.06.2015 9:26,141,138
21.06.2015 9:28,140,145
21.06.2015 9:31,143,134
21.06.2015 9:33,141,136
21.06.2015 9:35,147,139
21.06.2015 9:37,136,136
21.06.2015 9:39,138,140
21.06.2015 9:41,141,142
21.06.2015 9:43,138,149
21.06.2015 9:45,141,139
21.06.2015 9:47,144,148
21.06.2015 9:49,151,145
21.06.2015 9:51,140,148
21.06.2015 9:53,150,139
21.06.2015 9:55,146,145
21.06.2015 9:57,150,149
21.06.2015 9:59,140,143
21.06.2015 10:03,146,142
21.06.2015 10:05,150,144
21.06.2015 10:07,145,143
21.06.2015 10:09,144,145
21.06.2015 10:13,145,146
21.06.2015 10:15,144,154
21.06.2015 10:17,147,147
21.06.2015 10:19,148,148
21.06.2015 10:21,155,149
21.06.2015 10:23,149,156
21.06.2015 10:25,151,161
21.06.2015 10:29,159,160
21.06.2015 10:31,163,154
21.06.2015 10:33,160,160
21.06.2015 10:35,156,157
21.06.2015 10:37,161,158
21.06.2015 10:39,159,161
21.06.2015 10:41,160,154
21.06.2015 10:43,158,155
21.06.2015 10:45,163,161
21.06.2015 10:47,155,149
21.06.2015 10:49,156,151
21.06.2015 10:51,157,145
21.06.2015 10:53,162,154
21.06.2015 10:55,151,155
21.06.2015 10:57,153,152
21.06.2015 10:59,148,157
21.06.2015 11:01,156,153
21.06.2015 11:03,157,154
21.06.2015 11:05,155,156
21.06.2015 11:07,159,154
21.06.2015 11:09,156,157
21.06.2015 11:11,155,156
21.06.2015 11:13,156,151
21.06.2015 11:15,158,150
21.06.2015 11:17,156,145
21.06.2015 11:19,159,149
21.06.2015 11:21,158,151
21.06.2015 11:23,154,150
21.06.2015 11:25,152,151
21.06.2015 11:27,148,149
21.06.2015 11:29,151,148
21.06.2015 11:31,153,149
21.06.2015 11:33,152,152
21.06.2015 11:35,154,160
21.06.2015 11:37,152,164
21.06.2015 11:39,151,161
21.06.2015 11:43,154,154
21.06.2015 11:45,155,148
21.06.2015 11:48,163,154
21.06.2015 11:50,166,152
21.06.2015 11:56,163,158
21.06.2015 11:58,156,159
21.06.2015 12:00,150,161
21.06.2015 12:02,156,158
21.06.2015 12:04,153,161
21.06.2015 12:06,154,160
21.06.2015 12:08,161,155
21.06.2015 12:12,163,165
21.06.2015 12:14,161,161
21.06.2015 12:16,163,156
21.06.2015 12:18,162,155
21.06.2015 12:20,157,161
21.06.2015 12:22,167,165
21.06.2015 12:24,164,161
21.06.2015 12:26,163,165
21.06.2015 12:28,158,163
21.06.2015 12:31,157,155
21.06.2015 12:33,163,159
21.06.2015 12:35,168,154
21.06.2015 12:37,162,163
21.06.2015 12:39,168,162
21.06.2015 12:41,166,159
21.06.2015 12:43,158,165
21.06.2015 12:45,161,161
21.06.2015 12:47,156,170
21.06.2015 12:49,165,169
21.06.2015 12:53,162,183
21.06.2015 12:55,167,185
21.06.2015 12:57,164,182
21.06.2015 12:59,172,166
21.06.2015 13:03,186,153
21.06.2015 13:07,187,158
21.06.2015 13:09,184,162
21.06.2015 13:11,168,167
21.06.2015 13:13,156,158
21.06.2015 13:15,161,159
21.06.2015 13:17,164,160
21.06.2015 13:19,170,159
21.06.2015 13:21,161,161
21.06.2015 13:25,163,163
21.06.2015 13:27,161,167
21.06.2015 13:29,163,166
21.06.2015 13:31,166,169
21.06.2015 13:33,169,166
21.06.2015 13:37,172,168
21.06.2015 13:39,168,165
21.06.2015 13:43,171,172
21.06.2015 13:45,168,176
21.06.2015 13:47,174,172
21.06.2015 13:49,179,176
21.06.2015 13:51,175,167
21.06.2015 13:53,179,168
21.06.2015 13:55,171,174
21.06.2015 13:57,172,168
21.06.2015 13:59,177,167
21.06.2015 14:01,171,164
21.06.2015 14:03,169,168
21.06.2015 14:05,166,183
21.06.2015 14:07,171,177
21.06.2015 14:12,185,173
21.06.2015 14:16,186,174
21.06.2015 14:18,179,161
21.06.2015 14:20,175,160
21.06.2015 14:22,177,155
21.06.2015 14:24,178,158
21.06.2015 14:26,163,163
21.06.2015 14:31,157,160
21.06.2015 14:33,160,158
21.06.2015 14:35,164,159
21.06.2015 14:37,162,158
21.06.2015 14:41,160,153
21.06.2015 14:43,161,157
21.06.2015 14:45,160,156
21.06.2015 14:47,155,162
21.06.2015 14:51,159,161
21.06.2015 14:55,158,157
21.06.2015 14:57,164,156
21.06.2015 14:59,163,158
21.06.2015 15:02,159,163
21.06.2015 15:06,160,156
21.06.2015 15:08,165,161
21.06.2015 15:10,157,158
21.06.2015 15:12,163,160
21.06.2015 15:14,160,162
21.06.2015 15:16,163,169
21.06.2015 15:18,164,173
21.06.2015 15:20,171,169
21.06.2015 15:22,174,163
21.06.2015 15:24,170,170
21.06.2015 15:26,166,165
21.06.2015 15:28,173,162
21.06.2015 15:31,167,154
21.06.2015 15:33,164,150
21.06.2015 15:35,156,152
21.06.2015 15:39,153,161
21.06.2015 15:41,154,159
21.06.2015 15:43,163,160
21.06.2015 15:46,162,164
21.06.2015 15:48,163,167
21.06.2015 15:50,167,163
21.06.2015 15:52,166,161
21.06.2015 15:54,169,164
21.06.2015 15:56,165,153
21.06.2015 15:58,164,160
21.06.2015 16:00,167,159
21.06.2015 16:02,156,153
21.06.2015 16:04,162,158
21.06.2015 16:08,156,159
21.06.2015 16:10,162,163
21.06.2015 16:12,163,164
21.06.2015 16:14,166,159
21.06.2015 16:16,168,153
21.06.2015 16:18,162,161
21.06.2015 16:20,163,160
21.06.2015 16:22,156,159
21.06.2015 16:24,164,168
21.06.2015 16:26,163,156
21.06.2015 16:28,162,161
21.06.2015 16:31,171,157
21.06.2015 16:33,160,160
21.06.2015 16:35,164,164
21.06.2015 16:37,160,165
21.06.2015 16:39,162,158
21.06.2015 16:41,167,160
21.06.2015 16:45,161,155
21.06.2015 16:47,164,154
21.06.2015 16:49,163,160
21.06.2015 16:51,157,152
21.06.2015 16:53,156,164
21.06.2015 16:55,163,151
21.06.2015 16:57,154,155
21.06.2015 16:59,166,151
21.06.2015 17:01,154,152
21.06.2015 17:03,158,151
21.06.2015 17:05,154,152
21.06.2015 17:07,155,154
21.06.2015 17:09,153,148
21.06.2015 17:11,155,153
21.06.2015 17:13,157,152
21.06.2015 17:15,151,154
21.06.2015 17:17,156,153
21.06.2015 17:19,155,154
21.06.2015 17:21,157,158
21.06.2015 17:25,156,160
21.06.2015 17:27,157,159
21.06.2015 17:29,161,155
21.06.2015 17:31,163,157
21.06.2015 17:35,161,154
21.06.2015 17:37,158,155
21.06.2015 17:39,160,152
21.06.2015 17:41,157,151
21.06.2015 17:43,158,147
21.06.2015 17:45,155,149
21.06.2015 17:47,153,154
21.06.2015 17:49,154,155
21.06.2015 17:51,150,158
21.06.2015 17:53,153,154
21.06.2015 17:56,157,153
21.06.2015 17:58,159,149
21.06.2015 18:00,161,144
21.06.2015 18:04,157,146
21.06.2015 18:06,155,150
21.06.2015 18:08,152,142
21.06.2015 18:12,147,147
21.06.2015 18:14,149,143
21.06.2015 18:16,152,144
21.06.2015 18:18,146,150
21.06.2015 18:20,151,152
21.06.2015 18:22,146,151
21.06.2015 18:24,147,153
21.06.2015 18:26,153,155
21.06.2015 18:28,155,153
21.06.2015 18:31,154,154
21.06.2015 18:33,156,152
21.06.2015 18:35,158,151
21.06.2015 18:37,155,158
21.06.2015 18:39,156,153
21.06.2015 18:41,157,152
21.06.2015 18:43,155,156
21.06.2015 18:51,162,148
21.06.2015 18:53,157,152
21.06.2015 18:57,155,149
21.06.2015 18:59,159,152
21.06.2015 19:01,152,150
21.06.2015 19:03,155,152
21.06.2015 19:07,153,151
21.06.2015 19:09,154,147
21.06.2015 19:15,155,140
21.06.2015 19:17,154,146
21.06.2015 19:21,150,151
21.06.2015 19:23,144,152
21.06.2015 19:25,149,156
21.06.2015 19:27,153,149
21.06.2015 19:29,155,153
21.06.2015 19:31,159,151
21.06.2015 19:33,152,150
21.06.2015 19:35,156,149
21.06.2015 19:39,154,142
21.06.2015 19:41,153,145
21.06.2015 19:43,152,149
21.06.2015 19:45,145,148
21.06.2015 19:47,147,150
21.06.2015 19:49,151,154
21.06.2015 19:53,153,157
21.06.2015 19:58,156,153
21.06.2015 20:00,160,151
21.06.2015 20:02,156,161
21.06.2015 20:04,154,149
21.06.2015 20:06,164,153
21.06.2015 20:08,151,158
21.06.2015 20:10,156,162
21.06.2015 20:12,160,167
21.06.2015 20:14,165,164
21.06.2015 20:16,170,170
21.06.2015 20:18,166,168
21.06.2015 20:20,172,166
21.06.2015 20:22,171,162
21.06.2015 20:24,169,166
21.06.2015 20:26,168,169
21.06.2015 20:28,164,166
21.06.2015 20:31,168,168
21.06.2015 20:33,171,169
21.06.2015 20:39,168,179
21.06.2015 20:41,170,173
21.06.2015 20:43,171,178
21.06.2015 20:45,182,179
21.06.2015 20:47,175,191
21.06.2015 20:49,180,186
21.06.2015 20:53,181,184
21.06.2015 20:55,193,178
21.06.2015 20:57,188,179
21.06.2015 20:59,186,177
21.06.2015 21:01,180,172
21.06.2015 21:03,182,174
21.06.2015 21:05,179,177
21.06.2015 21:07,174,180
21.06.2015 21:09,177,178
21.06.2015 21:11,179,181
21.06.2015 21:13,182,184
21.06.2015 21:15,180,183
21.06.2015 21:17,183,177
21.06.2015 21:19,187,180
21.06.2015 21:21,184,184
21.06.2015 21:23,179,178
21.06.2015 21:25,181,171
21.06.2015 21:27,187,163
21.06.2015 21:29,181,168
21.06.2015 21:31,173,173
21.06.2015 21:33,165,189
21.06.2015 21:36,171,183
21.06.2015 21:38,175,185
21.06.2015 21:40,191,189
21.06.2015 21:42,185,170
21.06.2015 21:44,186,167
21.06.2015 21:46,191,168
21.06.2015 21:48,171,164
21.06.2015 21:50,169,165
21.06.2015 21:54,166,172
21.06.2015 21:56,167,167
21.06.2015 21:58,175,164
21.06.2015 22:01,170,170
21.06.2015 22:03,166,164
21.06.2015 22:05,172,168
21.06.2015 22:07,164,159
21.06.2015 22:09,169,170
21.06.2015 22:11,160,160
21.06.2015 22:13,161,158
21.06.2015 22:15,172,159
21.06.2015 22:17,161,168
21.06.2015 22:19,160,159
21.06.2015 22:23,170,153
21.06.2015 22:25,161,148
21.06.2015 22:29,155,144
21.06.2015 22:31,150,147
21.06.2015 22:35,147,140
21.06.2015 22:37,146,129
21.06.2015 22:39,149,136
21.06.2015 22:41,142,140
21.06.2015 22:43,132,133
21.06.2015 22:45,139,135
21.06.2015 22:47,142,131
21.06.2015 22:51,135,133
21.06.2015 22:53,137,130
21.06.2015 22:55,133,136
21.06.2015 22:57,137,131
21.06.2015 22:59,132,130
21.06.2015 23:01,138,123
21.06.2015 23:03,134,126
21.06.2015 23:05,133,133
21.06.2015 23:07,126,128
21.06.2015 23:09,129,132
21.06.2015 23:11,136,135
21.06.2015 23:13,130,137
21.06.2015 23:15,135,131
21.06.2015 23:17,137,136
21.06.2015 23:19,140,134
21.06.2015 23:21,134,130
21.06.2015 23:23,139,126
21.06.2015 23:25,137,122
21.06.2015 23:27,133,126
21.06.2015 23:29,129,124
21.06.2015 23:31,126,121
21.06.2015 23:33,129,118
21.06.2015 23:35,128,115
21.06.2015 23:37,124,116
21.06.2015 23:39,121,111
21.06.2015 23:41,118,114
21.06.2015 23:43,119,113
21.06.2015 23:45,115,118
21.06.2015 23:47,117,123
21.06.2015 23:49,116,111
21.06.2015 23:52,122,108
21.06.2015 23:54,125,115
21.06.2015 23:56,112,110
21.06.2015 23:58,113,106
22.06.2015 0:02,111,103
22.06.2015 0:04,118,109
22.06.2015 0:06,114,102
22.06.2015 0:08,108,99
22.06.2015 0:10,106,98
22.06.2015 0:12,112,106
22.06.2015 0:14,105,102
22.06.2015 0:16,101,101
22.06.2015 0:20,100,102
22.06.2015 0:22,108,97
22.06.2015 0:24,106,98
22.06.2015 0:26,104,99
22.06.2015 0:28,106,98
22.06.2015 0:31,100,105
22.06.2015 0:33,101,101
22.06.2015 0:35,100,100
22.06.2015 0:37,101,105
22.06.2015 0:39,100,109
22.06.2015 0:41,106,98
22.06.2015 0:43,104,99
22.06.2015 0:45,103,92
22.06.2015 0:47,107,96
22.06.2015 0:49,111,99
22.06.2015 0:51,100,94
22.06.2015 0:53,101,93
22.06.2015 0:55,95,99
22.06.2015 0:57,99,93
22.06.2015 0:59,101,91
22.06.2015 1:01,100,93
22.06.2015 1:03,96,98
22.06.2015 1:09,95,93
22.06.2015 1:11,101,94
22.06.2015 1:13,95,99
22.06.2015 1:15,92,95
22.06.2015 1:17,94,97
22.06.2015 1:19,100,100
22.06.2015 1:21,96,102
22.06.2015 1:23,95,98
22.06.2015 1:25,101,93
22.06.2015 1:27,100,92
22.06.2015 1:29,96,101
22.06.2015 1:31,97,96
22.06.2015 1:33,98,92
22.06.2015 1:35,102,89
22.06.2015 1:37,104,90
22.06.2015 1:39,100,88
22.06.2015 1:41,95,85
22.06.2015 1:45,104,90
22.06.2015 1:47,97,91
22.06.2015 1:49,94,90
22.06.2015 1:51,91,88
22.06.2015 1:53,92,84
22.06.2015 1:55,89,88
22.06.2015 1:57,86,85
22.06.2015 1:59,92,88
22.06.2015 2:01,93,96
22.06.2015 2:03,92,86
22.06.2015 2:05,90,84
22.06.2015 2:07,86,82
22.06.2015 2:09,90,86
22.06.2015 2:12,88,83
22.06.2015 2:14,90,86
22.06.2015 2:16,97,87
22.06.2015 2:18,88,92
22.06.2015 2:20,89,86
22.06.2015 2:22,82,83
22.06.2015 2:24,88,88
22.06.2015 2:26,86,93
22.06.2015 2:28,89,89
22.06.2015 2:33,95,91
22.06.2015 2:35,90,92
22.06.2015 2:37,86,97
22.06.2015 2:39,90,91
22.06.2015 2:41,97,87
22.06.2015 2:43,92,83
22.06.2015 2:45,94,84
22.06.2015 2:49,99,90
22.06.2015 2:51,95,88
22.06.2015 2:53,90,82
22.06.2015 2:55,86,88
22.06.2015 2:57,87,86
22.06.2015 2:59,93,90
22.06.2015 3:01,90,89
22.06.2015 3:03,85,87
22.06.2015 3:07,90,91
22.06.2015 3:09,88,89
22.06.2015 3:11,92,87
22.06.2015 3:13,90,81
22.06.2015 3:15,89,86
22.06.2015 3:17,92,88
22.06.2015 3:19,90,90
22.06.2015 3:21,89,93
22.06.2015 3:23,83,94
22.06.2015 3:25,88,87
22.06.2015 3:27,90,86
22.06.2015 3:29,92,87
22.06.2015 3:31,94,83
22.06.2015 3:33,95,87
22.06.2015 3:35,89,90
22.06.2015 3:37,87,87
22.06.2015 3:39,88,97
22.06.2015 3:41,85,94
22.06.2015 3:43,89,95
22.06.2015 3:45,92,93
22.06.2015 3:47,88,91
22.06.2015 3:49,99,90
22.06.2015 3:51,96,100
22.06.2015 3:55,97,88
22.06.2015 3:58,95,84
22.06.2015 4:00,93,80
22.06.2015 4:02,92,75
22.06.2015 4:04,102,79
22.06.2015 4:06,89,76
22.06.2015 4:08,90,85
22.06.2015 4:10,87,80
22.06.2015 4:12,86,85
22.06.2015 4:14,82,81
22.06.2015 4:18,78,84
22.06.2015 4:20,81,85
22.06.2015 4:24,76,86
22.06.2015 4:26,79,87
22.06.2015 4:28,88,84
22.06.2015 4:31,83,91
22.06.2015 4:33,88,108
22.06.2015 4:35,84,98
22.06.2015 4:37,87,96
22.06.2015 4:39,88,104
22.06.2015 4:41,89,87
22.06.2015 4:43,90,77
22.06.2015 4:45,87,80
22.06.2015 4:47,93,75
22.06.2015 4:49,111,76
22.06.2015 4:51,100,75
22.06.2015 4:53,98,79
22.06.2015 4:55,106,80
22.06.2015 4:57,88,79
22.06.2015 4:59,79,83
22.06.2015 5:03,82,99
22.06.2015 5:05,78,90
22.06.2015 5:07,79,84
22.06.2015 5:09,78,81
22.06.2015 5:11,81,84
22.06.2015 5:15,82,76
22.06.2015 5:19,85,81
22.06.2015 5:21,101,87
22.06.2015 5:23,92,81
22.06.2015 5:25,93,82
22.06.2015 5:27,87,81
22.06.2015 5:29,83,83
22.06.2015 5:31,87,87
22.06.2015 5:33,78,83
22.06.2015 5:35,83,88
22.06.2015 5:37,90,97
22.06.2015 5:39,83,93
22.06.2015 5:41,84,97
22.06.2015 5:43,83,91
22.06.2015 5:45,85,100
22.06.2015 5:47,89,97
22.06.2015 5:49,85,91
22.06.2015 5:51,90,95
22.06.2015 5:55,100,96
22.06.2015 5:57,96,99
22.06.2015 5:59,98,101
22.06.2015 6:01,93,93
22.06.2015 6:03,102,110
22.06.2015 6:05,99,99
22.06.2015 6:07,93,94
22.06.2015 6:09,97,96
22.06.2015 6:11,98,103
22.06.2015 6:13,101,97
22.06.2015 6:15,103,103
22.06.2015 6:17,96,102
22.06.2015 6:19,112,95
22.06.2015 6:21,101,96
22.06.2015 6:23,97,97
22.06.2015 6:25,98,100
22.06.2015 6:27,106,98
22.06.2015 6:29,100,100
22.06.2015 6:31,106,117
22.06.2015 6:35,104,111
22.06.2015 6:38,98,106
22.06.2015 6:44,99,111
22.06.2015 6:46,103,120
22.06.2015 6:48,99,115
22.06.2015 6:50,103,114
22.06.2015 6:52,120,108
22.06.2015 6:54,114,125
22.06.2015 6:56,108,124
22.06.2015 6:58,113,126
22.06.2015 7:01,114,120
22.06.2015 7:03,122,122
22.06.2015 7:05,117,117
22.06.2015 7:09,110,113
22.06.2015 7:11,127,124
22.06.2015 7:13,126,126
22.06.2015 7:15,128,112
22.06.2015 7:17,122,117
22.06.2015 7:19,125,116
22.06.2015 7:21,119,119
22.06.2015 7:23,116,128
22.06.2015 7:25,127,117
22.06.2015 7:27,128,118
22.06.2015 7:29,115,119
22.06.2015 7:33,120,121
22.06.2015 7:35,118,124
22.06.2015 7:37,122,122
22.06.2015 7:39,121,132
22.06.2015 7:41,130,136
22.06.2015 7:43,121,132
22.06.2015 7:47,122,139
22.06.2015 7:49,124,140
22.06.2015 7:51,123,143
22.06.2015 7:53,127,147
22.06.2015 7:55,125,141
22.06.2015 7:57,135,142
22.06.2015 7:59,138,149
22.06.2015 8:01,135,153
22.06.2015 8:03,142,152
22.06.2015 8:05,143,150
22.06.2015 8:07,142,141
22.06.2015 8:09,145,138
22.06.2015 8:11,148,142
22.06.2015 8:13,143,145
22.06.2015 8:15,144,144
22.06.2015 8:17,152,147
22.06.2015 8:19,155,145
22.06.2015 8:21,154,147
22.06.2015 8:23,152,142
22.06.2015 8:25,143,146
22.06.2015 8:27,140,153
22.06.2015 8:29,145,156
22.06.2015 8:31,148,155
22.06.2015 8:33,147,152
22.06.2015 8:35,146,161
22.06.2015 8:37,149,170
22.06.2015 8:39,148,169
22.06.2015 8:41,149,176
22.06.2015 8:43,145,174
22.06.2015 8:45,148,169
22.06.2015 8:47,156,162
22.06.2015 8:49,159,156
22.06.2015 8:51,158,161
22.06.2015 8:53,154,157
22.06.2015 8:55,163,155
22.06.2015 8:57,173,160
22.06.2015 8:59,172,158
22.06.2015 9:01,179,166
22.06.2015 9:03,177,161
22.06.2015 9:06,172,162
22.06.2015 9:08,165,158
22.06.2015 9:10,158,159
22.06.2015 9:12,163,161
22.06.2015 9:14,160,162
22.06.2015 9:16,158,155
22.06.2015 9:18,163,164
22.06.2015 9:20,161,170
22.06.2015 9:22,169,164
22.06.2015 9:24,164,165
22.06.2015 9:26,165,164
22.06.2015 9:28,160,172
22.06.2015 9:31,161,162
22.06.2015 9:33,163,164
22.06.2015 9:35,164,165
22.06.2015 9:37,165,159
22.06.2015 9:39,158,164
22.06.2015 9:41,167,170
22.06.2015 9:43,173,177
22.06.2015 9:45,167,173
22.06.2015 9:47,168,171
22.06.2015 9:49,167,175
22.06.2015 9:51,175,169
22.06.2015 9:53,165,168
22.06.2015 9:55,167,170
22.06.2015 9:59,162,178
22.06.2015 10:01,167,179
22.06.2015 10:03,174,182
22.06.2015 10:05,180,179
22.06.2015 10:07,175,175
22.06.2015 10:09,174,176
22.06.2015 10:11,178,174
22.06.2015 10:13,173,182
22.06.2015 10:15,172,180
22.06.2015 10:17,173,181
22.06.2015 10:19,180,174
22.06.2015 10:21,181,181
22.06.2015 10:23,184,177
22.06.2015 10:25,182,184
22.06.2015 10:27,178,182
22.06.2015 10:29,179,185
22.06.2015 10:31,177,188
22.06.2015 10:33,186,175
22.06.2015 10:35,183,178
22.06.2015 10:37,184,175
22.06.2015 10:39,177,179
22.06.2015 10:41,184,176
22.06.2015 10:45,180,179
22.06.2015 10:47,187,182
22.06.2015 10:49,184,186
22.06.2015 10:52,189,178
22.06.2015 10:54,192,181
22.06.2015 10:56,178,177
22.06.2015 10:58,181,175
22.06.2015 11:00,178,181
22.06.2015 11:02,182,182
22.06.2015 11:04,178,184
22.06.2015 11:06,182,178
22.06.2015 11:08,185,174
22.06.2015 11:10,189,176
22.06.2015 11:12,181,174
22.06.2015 11:14,184,176
22.06.2015 11:16,180,174
22.06.2015 11:18,178,178
22.06.2015 11:22,183,166
22.06.2015 11:24,184,169
22.06.2015 11:26,187,174
22.06.2015 11:28,181,173
22.06.2015 11:31,178,171
22.06.2015 11:33,179,174
22.06.2015 11:35,177,168
22.06.2015 11:37,179,167
22.06.2015 11:39,177,171
22.06.2015 11:41,181,170
22.06.2015 11:43,168,177
22.06.2015 11:45,172,180
22.06.2015 11:47,177,177
22.06.2015 11:49,176,172
22.06.2015 11:51,174,177
22.06.2015 11:53,177,185
22.06.2015 11:55,171,183
22.06.2015 11:57,169,179
22.06.2015 11:59,174,181
22.06.2015 12:03,173,185
22.06.2015 12:05,174,177
22.06.2015 12:07,180,175
22.06.2015 12:09,183,171
22.06.2015 12:11,180,178
22.06.2015 12:13,175,171
22.06.2015 12:15,180,174
22.06.2015 12:17,188,170
22.06.2015 12:19,186,171
22.06.2015 12:21,181,169
22.06.2015 12:23,183,175
22.06.2015 12:25,188,174
22.06.2015 12:27,180,172
22.06.2015 12:29,178,174
22.06.2015 12:33,174,169
22.06.2015 12:35,182,172
22.06.2015 12:37,173,181
22.06.2015 12:39,177,176
22.06.2015 12:41,172,179
22.06.2015 12:43,173,181
22.06.2015 12:45,174,180
22.06.2015 12:47,175,185
22.06.2015 12:49,172,187
22.06.2015 12:52,178,184
22.06.2015 12:54,177,171
22.06.2015 12:56,175,172
22.06.2015 12:58,177,174
22.06.2015 13:00,172,180
22.06.2015 13:02,174,182
22.06.2015 13:06,183,188
22.06.2015 13:08,178,186
22.06.2015 13:10,182,191
22.06.2015 13:12,181,183
22.06.2015 13:14,184,187
22.06.2015 13:16,183,185
22.06.2015 13:18,188,187
22.06.2015 13:20,190,190
22.06.2015 13:22,187,187
22.06.2015 13:24,173,188
22.06.2015 13:26,175,189
22.06.2015 13:28,177,187
22.06.2015 13:31,182,185
22.06.2015 13:33,184,183
22.06.2015 13:35,190,195
22.06.2015 13:37,188,191
22.06.2015 13:39,193,183
22.06.2015 13:41,185,182
22.06.2015 13:43,189,186
22.06.2015 13:45,188,197
22.06.2015 13:47,189,200
22.06.2015 13:49,192,199
22.06.2015 13:51,190,188
22.06.2015 13:53,191,182
22.06.2015 13:55,192,188
22.06.2015 13:57,190,185
22.06.2015 13:59,188,176
22.06.2015 14:01,186,175
22.06.2015 14:03,198,171
22.06.2015 14:05,194,172
22.06.2015 14:07,187,179
22.06.2015 14:09,186,177
22.06.2015 14:11,190,169
22.06.2015 14:13,201,175
22.06.2015 14:15,203,173
22.06.2015 14:17,202,172
22.06.2015 14:19,203,173
22.06.2015 14:21,191,172
22.06.2015 14:24,185,177
22.06.2015 14:26,191,181
22.06.2015 14:28,188,179
22.06.2015 14:30,178,177
22.06.2015 14:32,177,184
22.06.2015 14:34,174,183
22.06.2015 14:38,181,180
22.06.2015 14:40,182,175
22.06.2015 14:42,179,183
22.06.2015 14:44,172,181
22.06.2015 14:48,178,188
22.06.2015 14:50,176,183
22.06.2015 14:52,175,190
22.06.2015 14:54,176,193
22.06.2015 14:56,175,190
22.06.2015 14:58,179,187
22.06.2015 15:01,180,177
22.06.2015 15:03,184,180
22.06.2015 15:05,181,174
22.06.2015 15:07,180,170
22.06.2015 15:09,187,172
22.06.2015 15:11,185,175
22.06.2015 15:13,184,177
22.06.2015 15:15,178,178
22.06.2015 15:17,185,182
22.06.2015 15:19,183,178
22.06.2015 15:21,191,174
22.06.2015 15:23,185,180
22.06.2015 15:25,193,174
22.06.2015 15:27,195,181
22.06.2015 15:29,192,182
22.06.2015 15:31,190,186
22.06.2015 15:33,179,178
22.06.2015 15:35,183,184
22.06.2015 15:37,177,202
22.06.2015 15:39,172,195
22.06.2015 15:41,175,197
22.06.2015 15:43,178,196
22.06.2015 15:45,181,202
22.06.2015 15:49,185,178
22.06.2015 15:51,182,173
22.06.2015 15:53,177,178
22.06.2015 15:55,182,175
22.06.2015 15:57,177,171
22.06.2015 15:59,183,175
22.06.2015 16:03,185,179
22.06.2015 16:05,189,174
22.06.2015 16:07,182,169
22.06.2015 16:09,187,173
22.06.2015 16:11,204,170
22.06.2015 16:13,198,177
22.06.2015 16:15,200,173
22.06.2015 16:17,198,174
22.06.2015 16:19,205,168
22.06.2015 16:21,181,162
22.06.2015 16:23,176,161
22.06.2015 16:25,182,163
22.06.2015 16:27,178,160
22.06.2015 16:29,174,158
22.06.2015 16:31,178,160
22.06.2015 16:33,182,163
22.06.2015 16:35,177,161
22.06.2015 16:37,176,156
22.06.2015 16:39,172,161
22.06.2015 16:43,176,165
22.06.2015 16:45,173,161
22.06.2015 16:47,180,159
22.06.2015 16:50,176,167
22.06.2015 16:52,177,165
22.06.2015 16:54,171,164
22.06.2015 16:56,166,166
22.06.2015 16:58,165,167
22.06.2015 17:00,166,164
22.06.2015 17:02,163,171
22.06.2015 17:04,161,172
22.06.2015 17:05,163,171
22.06.2015 17:07,166,167
22.06.2015 17:09,165,173
22.06.2015 17:11,164,170
22.06.2015 17:13,160,169
22.06.2015 17:15,163,164
22.06.2015 17:17,165,166
22.06.2015 17:19,168,169
22.06.2015 17:21,164,168
22.06.2015 17:23,163,172
22.06.2015 17:25,170,164
22.06.2015 17:27,168,163
22.06.2015 17:29,167,164
22.06.2015 17:31,169,166
22.06.2015 17:33,170,162
22.06.2015 17:35,167,163
22.06.2015 17:39,174,164
22.06.2015 17:41,175,167
22.06.2015 17:43,176,170
22.06.2015 17:45,175,168
22.06.2015 17:47,170,171
22.06.2015 17:49,177,176
22.06.2015 17:51,174,169
22.06.2015 17:53,172,170
22.06.2015 17:55,167,172
22.06.2015 17:57,168,169
22.06.2015 17:59,169,166
22.06.2015 18:03,172,163
22.06.2015 18:05,171,161
22.06.2015 18:07,175,162
22.06.2015 18:09,167,166
22.06.2015 18:11,166,167
22.06.2015 18:13,167,177
22.06.2015 18:15,169,169
22.06.2015 18:17,165,174
22.06.2015 18:21,166,169
22.06.2015 18:23,170,165
22.06.2015 18:25,172,162
22.06.2015 18:27,170,156
22.06.2015 18:29,173,157
22.06.2015 18:31,179,160
22.06.2015 18:33,172,159
22.06.2015 18:35,174,161
22.06.2015 18:38,176,159
22.06.2015 18:40,173,161
22.06.2015 18:42,169,159
22.06.2015 18:44,166,155
22.06.2015 18:46,164,161
22.06.2015 18:48,165,159
22.06.2015 18:50,169,163
22.06.2015 18:54,170,162
22.06.2015 18:56,181,166
22.06.2015 18:58,172,165
22.06.2015 19:01,177,162
22.06.2015 19:03,173,165
22.06.2015 19:05,167,162
22.06.2015 19:07,165,168
22.06.2015 19:09,158,161
22.06.2015 19:11,161,165
22.06.2015 19:13,163,155
22.06.2015 19:15,162,163
22.06.2015 19:17,165,164
22.06.2015 19:19,162,170
22.06.2015 19:21,164,168
22.06.2015 19:23,162,171
22.06.2015 19:25,158,167
22.06.2015 19:27,165,177
22.06.2015 19:29,162,172
22.06.2015 19:31,167,176
22.06.2015 19:33,165,168
22.06.2015 19:35,170,169
22.06.2015 19:37,169,167
22.06.2015 19:39,168,171
22.06.2015 19:41,165,170
22.06.2015 19:43,168,177
22.06.2015 19:45,164,170
22.06.2015 19:47,171,171
22.06.2015 19:49,164,176
22.06.2015 19:51,167,189
22.06.2015 19:53,158,183
22.06.2015 19:55,166,184
22.06.2015 19:57,167,180
22.06.2015 19:59,172,190
22.06.2015 20:01,170,188
22.06.2015 20:03,175,187
22.06.2015 20:05,171,179
22.06.2015 20:07,170,182
22.06.2015 20:09,179,191
22.06.2015 20:12,175,188
22.06.2015 20:14,179,193
22.06.2015 20:16,171,195
22.06.2015 20:20,170,196
22.06.2015 20:22,173,190
22.06.2015 20:24,172,182
22.06.2015 20:26,179,180
22.06.2015 20:28,172,181
22.06.2015 20:31,173,179
22.06.2015 20:33,178,178
22.06.2015 20:35,191,179
22.06.2015 20:37,185,176
22.06.2015 20:39,186,178
22.06.2015 20:41,181,184
22.06.2015 20:45,192,179
22.06.2015 20:47,190,177
22.06.2015 20:49,189,180
22.06.2015 20:51,181,176
22.06.2015 20:53,184,178
22.06.2015 20:55,185,179
22.06.2015 20:57,194,181
22.06.2015 20:59,193,180
22.06.2015 21:01,191,171
22.06.2015 21:05,197,177
22.06.2015 21:07,196,174
22.06.2015 21:09,198,169
22.06.2015 21:11,199,175
22.06.2015 21:13,193,169
22.06.2015 21:15,185,170
22.06.2015 21:17,182,179
22.06.2015 21:19,184,175
22.06.2015 21:21,181,178
22.06.2015 21:23,180,172
22.06.2015 21:25,182,175
22.06.2015 21:27,179,169
22.06.2015 21:29,181,160
22.06.2015 21:33,185,162
22.06.2015 21:35,182,158
22.06.2015 21:37,181,146
22.06.2015 21:39,179,152
22.06.2015 21:41,183,147
22.06.2015 21:43,178,143
22.06.2015 21:45,181,140
22.06.2015 21:49,183,137
22.06.2015 21:53,174,143
22.06.2015 21:55,180,137
22.06.2015 21:57,177,136
22.06.2015 21:59,176,141
22.06.2015 22:01,173,142
22.06.2015 22:03,178,135
22.06.2015 22:05,171,136
22.06.2015 22:08,174,137
22.06.2015 22:10,182,140
22.06.2015 22:12,178,141
22.06.2015 22:14,181,139
22.06.2015 22:16,175,140
22.06.2015 22:18,178,141
22.06.2015 22:20,172,144
22.06.2015 22:22,164,141
22.06.2015 22:24,165,132
22.06.2015 22:26,166,131
22.06.2015 22:31,162,128
22.06.2015 22:33,149,125
22.06.2015 22:35,154,128
22.06.2015 22:37,149,133
22.06.2015 22:39,145,122
22.06.2015 22:41,142,124
22.06.2015 22:43,143,116
22.06.2015 22:45,139,119
22.06.2015 22:47,146,118
22.06.2015 22:49,145,116
22.06.2015 22:51,144,121
22.06.2015 22:53,138,119
22.06.2015 22:57,143,118
22.06.2015 22:59,144,121
22.06.2015 23:03,137,111
22.06.2015 23:07,138,114
22.06.2015 23:09,142,109
22.06.2015 23:13,143,115
22.06.2015 23:15,142,109
22.06.2015 23:17,143,104
22.06.2015 23:21,144,102
22.06.2015 23:23,147,90
22.06.2015 23:25,143,95
22.06.2015 23:27,135,93
22.06.2015 23:29,134,92
22.06.2015 23:31,130,97
22.06.2015 23:33,128,93
22.06.2015 23:35,131,95
22.06.2015 23:37,136,99
22.06.2015 23:39,125,96
22.06.2015 23:42,128,101
22.06.2015 23:44,119,99
22.06.2015 23:46,122,97
22.06.2015 23:50,120,96
22.06.2015 23:52,124,98
22.06.2015 23:54,121,93
22.06.2015 23:58,124,89
23.06.2015 0:01,115,91
23.06.2015 0:03,117,92
23.06.2015 0:05,112,89
23.06.2015 0:07,117,94
23.06.2015 0:09,112,102
23.06.2015 0:11,111,94
23.06.2015 0:13,112,93
23.06.2015 0:15,107,82
23.06.2015 0:17,104,83
23.06.2015 0:19,94,86
23.06.2015 0:21,98,88
23.06.2015 0:23,96,94
23.06.2015 0:27,100,90
23.06.2015 0:29,96,92
23.06.2015 0:31,99,96
23.06.2015 0:33,98,100
23.06.2015 0:36,102,95
23.06.2015 0:38,99,93
23.06.2015 0:40,105,92
23.06.2015 0:42,103,84
23.06.2015 0:44,101,86
23.06.2015 0:46,100,82
23.06.2015 0:48,101,89
23.06.2015 0:50,96,87
23.06.2015 0:52,93,82
23.06.2015 0:54,95,83
23.06.2015 0:56,96,87
23.06.2015 0:58,92,85
23.06.2015 1:01,97,88
23.06.2015 1:03,105,87
23.06.2015 1:05,97,86
23.06.2015 1:09,85,85
23.06.2015 1:11,86,83
23.06.2015 1:13,89,74
23.06.2015 1:15,90,78
23.06.2015 1:17,92,73
23.06.2015 1:19,97,76
23.06.2015 1:21,93,77
23.06.2015 1:23,95,76
23.06.2015 1:25,99,77
23.06.2015 1:27,102,78
23.06.2015 1:29,98,76
23.06.2015 1:33,96,75
23.06.2015 1:35,95,77
23.06.2015 1:37,87,79
23.06.2015 1:39,89,86
23.06.2015 1:41,88,85
23.06.2015 1:43,85,86
23.06.2015 1:45,91,82
23.06.2015 1:47,89,86
23.06.2015 1:49,85,88
23.06.2015 1:51,86,87
23.06.2015 1:53,90,85
23.06.2015 1:57,87,80
23.06.2015 1:59,89,77
23.06.2015 2:01,88,81
23.06.2015 2:03,89,88
23.06.2015 2:05,87,79
23.06.2015 2:07,86,89
23.06.2015 2:09,77,82
23.06.2015 2:11,81,84
23.06.2015 2:13,75,79
23.06.2015 2:15,78,80
23.06.2015 2:17,79,81
23.06.2015 2:19,78,80
23.06.2015 2:21,79,78
23.06.2015 2:23,81,79
23.06.2015 2:25,80,78
23.06.2015 2:29,79,83
23.06.2015 2:33,80,79
23.06.2015 2:35,77,80
23.06.2015 2:37,88,83
23.06.2015 2:39,89,82
23.06.2015 2:41,88,74
23.06.2015 2:45,84,79
23.06.2015 2:47,85,82
23.06.2015 2:49,88,84
23.06.2015 2:51,91,79
23.06.2015 2:53,90,83
23.06.2015 2:56,89,76
23.06.2015 2:58,88,74
23.06.2015 3:04,80,76
23.06.2015 3:06,84,79
23.06.2015 3:08,90,78
23.06.2015 3:10,82,88
23.06.2015 3:12,93,92
23.06.2015 3:14,85,81
23.06.2015 3:16,88,76
23.06.2015 3:18,83,77
23.06.2015 3:20,82,74
23.06.2015 3:22,84,77
23.06.2015 3:24,83,74
23.06.2015 3:26,81,79
23.06.2015 3:28,82,83
23.06.2015 3:31,81,81
23.06.2015 3:33,86,76
23.06.2015 3:35,82,74
23.06.2015 3:39,86,77
23.06.2015 3:41,85,75
23.06.2015 3:43,77,76
23.06.2015 3:45,82,78
23.06.2015 3:47,85,81
23.06.2015 3:49,88,84
23.06.2015 3:51,81,89
23.06.2015 3:53,85,87
23.06.2015 3:55,79,80
23.06.2015 3:57,78,79
23.06.2015 4:01,79,88
23.06.2015 4:03,81,83
23.06.2015 4:05,79,81
23.06.2015 4:07,90,79
23.06.2015 4:09,95,80
23.06.2015 4:11,85,79
23.06.2015 4:13,82,82
23.06.2015 4:15,79,90
23.06.2015 4:19,76,84
23.06.2015 4:21,77,79
23.06.2015 4:23,80,76
23.06.2015 4:25,77,75
23.06.2015 4:27,82,78
23.06.2015 4:29,86,77
23.06.2015 4:31,84,91
23.06.2015 4:33,80,83
23.06.2015 4:35,78,80
23.06.2015 4:37,76,77
23.06.2015 4:41,79,80
23.06.2015 4:43,80,79
23.06.2015 4:45,76,78
23.06.2015 4:47,83,79
23.06.2015 4:49,87,94
23.06.2015 4:51,92,82
23.06.2015 4:53,90,85
23.06.2015 4:55,83,86
23.06.2015 4:57,81,84
23.06.2015 4:59,91,87
23.06.2015 5:01,85,86
23.06.2015 5:03,83,82
23.06.2015 5:05,81,90
23.06.2015 5:07,83,93
23.06.2015 5:09,82,107
23.06.2015 5:11,84,94
23.06.2015 5:13,93,93
23.06.2015 5:15,88,86
23.06.2015 5:17,82,96
23.06.2015 5:19,79,91
23.06.2015 5:21,78,90
23.06.2015 5:25,81,93
23.06.2015 5:27,77,96
23.06.2015 5:29,80,93
23.06.2015 5:33,94,95
23.06.2015 5:36,86,91
23.06.2015 5:38,83,99
23.06.2015 5:40,81,94
23.06.2015 5:42,83,99
23.06.2015 5:44,82,91
23.06.2015 5:46,81,90
23.06.2015 5:48,82,91
23.06.2015 5:52,98,99
23.06.2015 5:54,85,102
23.06.2015 5:56,88,103
23.06.2015 5:58,89,120
23.06.2015 6:01,87,109
23.06.2015 6:03,91,127
23.06.2015 6:05,90,116
23.06.2015 6:07,85,112
23.06.2015 6:09,93,120
23.06.2015 6:11,97,122
23.06.2015 6:13,111,130
23.06.2015 6:15,110,117
23.06.2015 6:17,97,129
23.06.2015 6:23,89,127
23.06.2015 6:25,99,125
23.06.2015 6:27,94,118
23.06.2015 6:29,93,112
23.06.2015 6:31,96,114
23.06.2015 6:33,99,118
23.06.2015 6:35,96,108
23.06.2015 6:37,99,113
23.06.2015 6:39,94,117
23.06.2015 6:41,102,122
23.06.2015 6:43,97,114
23.06.2015 6:45,101,120
23.06.2015 6:47,94,118
23.06.2015 6:51,96,115
23.06.2015 6:53,103,123
23.06.2015 6:55,105,117
23.06.2015 6:57,106,124
23.06.2015 7:01,123,127
23.06.2015 7:03,113,133
23.06.2015 7:05,130,137
23.06.2015 7:07,118,136
23.06.2015 7:11,114,148
23.06.2015 7:13,122,144
23.06.2015 7:15,125,140
23.06.2015 7:17,133,147
23.06.2015 7:19,119,139
23.06.2015 7:21,131,141
23.06.2015 7:23,130,145
23.06.2015 7:25,128,138
23.06.2015 7:27,120,151
23.06.2015 7:29,115,147
23.06.2015 7:34,120,146
23.06.2015 7:36,110,144
23.06.2015 7:38,111,141
23.06.2015 7:40,115,145
23.06.2015 7:42,121,149
23.06.2015 7:44,125,150
23.06.2015 7:46,117,147
23.06.2015 7:48,123,148
23.06.2015 7:50,121,149
23.06.2015 7:52,118,150
23.06.2015 7:54,125,153
23.06.2015 7:56,119,156
23.06.2015 7:58,127,159
23.06.2015 8:01,129,163
23.06.2015 8:03,136,169
23.06.2015 8:05,141,165
23.06.2015 8:07,140,156
23.06.2015 8:09,151,170
23.06.2015 8:11,148,175
23.06.2015 8:13,143,167
23.06.2015 8:15,149,162
23.06.2015 8:17,143,157
23.06.2015 8:19,144,162
23.06.2015 8:21,148,164
23.06.2015 8:23,141,168
23.06.2015 8:25,153,179
23.06.2015 8:27,149,174
23.06.2015 8:29,148,168
23.06.2015 8:31,146,176
23.06.2015 8:33,144,167
23.06.2015 8:35,147,168
23.06.2015 8:37,151,167
23.06.2015 8:39,152,166
23.06.2015 8:41,148,168
23.06.2015 8:43,150,172
23.06.2015 8:45,151,169
23.06.2015 8:47,152,161
23.06.2015 8:49,155,168
23.06.2015 8:51,158,167
23.06.2015 8:53,161,174
23.06.2015 8:55,165,176
23.06.2015 8:57,171,193
23.06.2015 8:59,167,198
23.06.2015 9:01,159,192
23.06.2015 9:03,172,186
23.06.2015 9:05,176,171
23.06.2015 9:07,170,174
23.06.2015 9:09,164,171
23.06.2015 9:11,160,168
23.06.2015 9:13,164,173
23.06.2015 9:15,166,168
23.06.2015 9:17,170,179
23.06.2015 9:19,182,172
23.06.2015 9:21,175,171
23.06.2015 9:23,170,173
23.06.2015 9:25,178,172
23.06.2015 9:27,169,177
23.06.2015 9:29,170,174
23.06.2015 9:31,169,175
23.06.2015 9:33,168,176
23.06.2015 9:35,171,173
23.06.2015 9:37,175,170
23.06.2015 9:39,172,172
23.06.2015 9:41,164,176
23.06.2015 9:43,170,177
23.06.2015 9:45,169,181
23.06.2015 9:47,176,175
23.06.2015 9:49,178,179
23.06.2015 9:51,195,180
23.06.2015 9:53,200,183
23.06.2015 9:55,194,179
23.06.2015 9:57,187,177
23.06.2015 9:59,172,173
23.06.2015 10:01,176,176
23.06.2015 10:03,172,185
23.06.2015 10:05,170,182
23.06.2015 10:07,174,155
23.06.2015 10:09,169,153
23.06.2015 10:12,181,149
23.06.2015 10:14,173,152
23.06.2015 10:18,174,147
23.06.2015 10:20,173,149
23.06.2015 10:22,178,151
23.06.2015 10:24,176,150
23.06.2015 10:26,178,152
23.06.2015 10:31,174,155
23.06.2015 10:33,173,152
23.06.2015 10:35,174,151
23.06.2015 10:37,179,157
23.06.2015 10:39,180,151
23.06.2015 10:41,184,147
23.06.2015 10:43,176,149
23.06.2015 10:45,182,150
23.06.2015 10:49,186,156
23.06.2015 10:51,181,153
23.06.2015 10:53,180,150
23.06.2015 10:57,175,152
23.06.2015 10:59,179,151
23.06.2015 11:01,187,150
23.06.2015 11:03,184,151
23.06.2015 11:05,156,146
23.06.2015 11:07,154,149
23.06.2015 11:09,155,147
23.06.2015 11:11,150,151
23.06.2015 11:13,152,150
23.06.2015 11:15,147,144
23.06.2015 11:17,149,148
23.06.2015 11:19,151,145
23.06.2015 11:23,150,150
23.06.2015 11:25,153,154
23.06.2015 11:27,155,151
23.06.2015 11:29,152,145
23.06.2015 11:31,151,152
23.06.2015 11:33,157,149
23.06.2015 11:36,151,154
23.06.2015 11:38,147,149
23.06.2015 11:42,149,151
23.06.2015 11:44,150,150
23.06.2015 11:46,156,145
23.06.2015 11:48,153,149
23.06.2015 11:50,150,150
23.06.2015 11:52,153,149
23.06.2015 11:54,152,156
23.06.2015 11:56,150,158
23.06.2015 12:01,151,156
23.06.2015 12:03,152,155
23.06.2015 12:05,146,161
23.06.2015 12:07,150,158
23.06.2015 12:09,149,161
23.06.2015 12:11,147,148
23.06.2015 12:13,151,152
23.06.2015 12:15,150,147
23.06.2015 12:17,145,149
23.06.2015 12:19,148,145
23.06.2015 12:21,145,144
23.06.2015 12:23,151,150
23.06.2015 12:25,155,153
23.06.2015 12:27,152,150
23.06.2015 12:29,151,163
23.06.2015 12:33,146,179
23.06.2015 12:35,153,175
23.06.2015 12:37,150,170
23.06.2015 12:39,155,173
23.06.2015 12:41,150,161
23.06.2015 12:45,152,156
23.06.2015 12:47,151,160
23.06.2015 12:49,146,164
23.06.2015 12:51,150,167
23.06.2015 12:53,151,157
23.06.2015 12:55,149,164
23.06.2015 12:57,157,158
23.06.2015 12:59,158,155
23.06.2015 13:01,156,162
23.06.2015 13:05,155,168
23.06.2015 13:09,162,159
23.06.2015 13:11,159,160
23.06.2015 13:13,161,174
23.06.2015 13:15,149,175
23.06.2015 13:17,152,171
23.06.2015 13:19,148,167
23.06.2015 13:21,149,152
23.06.2015 13:23,145,154
23.06.2015 13:27,150,161
23.06.2015 13:29,153,159
23.06.2015 13:32,150,157
23.06.2015 13:34,151,153
23.06.2015 13:36,164,148
23.06.2015 13:38,179,150
23.06.2015 13:40,175,156
23.06.2015 13:42,171,149
23.06.2015 13:44,174,152
23.06.2015 13:46,161,157
23.06.2015 13:48,157,149
23.06.2015 13:50,160,152
23.06.2015 13:52,164,153
23.06.2015 13:54,167,155
23.06.2015 13:56,157,154
23.06.2015 13:58,164,153
23.06.2015 14:01,158,152
23.06.2015 14:03,154,153
23.06.2015 14:05,162,152
23.06.2015 14:07,168,145
23.06.2015 14:09,158,148
23.06.2015 14:11,159,147
23.06.2015 14:13,173,149
23.06.2015 14:15,174,146
23.06.2015 14:17,171,147
23.06.2015 14:19,167,153
23.06.2015 14:21,152,157
23.06.2015 14:23,154,156
23.06.2015 14:25,162,158
23.06.2015 14:27,159,162
23.06.2015 14:29,157,158
23.06.2015 14:31,153,164
23.06.2015 14:33,148,156
23.06.2015 14:35,150,159
23.06.2015 14:37,156,158
23.06.2015 14:39,149,151
23.06.2015 14:41,153,150
23.06.2015 14:43,157,147
23.06.2015 14:45,150,150
23.06.2015 14:47,152,147
23.06.2015 14:49,153,152
23.06.2015 14:51,155,148
23.06.2015 14:53,154,147
23.06.2015 14:57,152,150
23.06.2015 14:59,154,151
23.06.2015 15:01,152,147
23.06.2015 15:03,146,165
23.06.2015 15:05,147,162
23.06.2015 15:07,148,165
23.06.2015 15:09,150,151
23.06.2015 15:11,147,145
23.06.2015 15:17,148,148
23.06.2015 15:19,154,142
23.06.2015 15:21,158,148
23.06.2015 15:23,157,146
23.06.2015 15:25,158,147
23.06.2015 15:27,163,151
23.06.2015 15:29,159,149
23.06.2015 15:32,165,147
23.06.2015 15:34,157,144
23.06.2015 15:36,159,139
23.06.2015 15:38,158,142
23.06.2015 15:40,151,140
23.06.2015 15:44,147,142
23.06.2015 15:46,150,140
23.06.2015 15:48,147,141
23.06.2015 15:50,152,143
23.06.2015 15:52,148,141
23.06.2015 15:54,147,144
23.06.2015 15:56,148,141
23.06.2015 15:58,150,142
23.06.2015 16:01,152,147
23.06.2015 16:03,148,143
23.06.2015 16:05,147,147
23.06.2015 16:07,148,143
23.06.2015 16:09,167,142
23.06.2015 16:13,163,136
23.06.2015 16:15,165,142
23.06.2015 16:17,151,144
23.06.2015 16:19,146,150
23.06.2015 16:21,149,157
23.06.2015 16:23,142,166
23.06.2015 16:25,149,168
23.06.2015 16:27,147,163
23.06.2015 16:31,148,155
23.06.2015 16:33,152,143
23.06.2015 16:35,150,145
23.06.2015 16:37,147,142
23.06.2015 16:39,148,141
23.06.2015 16:41,145,142
23.06.2015 16:43,140,137
23.06.2015 16:47,143,139
23.06.2015 16:49,141,136
23.06.2015 16:51,143,134
23.06.2015 16:53,140,138
23.06.2015 16:55,141,139
23.06.2015 16:57,142,137
23.06.2015 16:59,144,136
23.06.2015 17:01,141,140
23.06.2015 17:03,145,139
23.06.2015 17:05,142,137
23.06.2015 17:07,143,139
23.06.2015 17:09,149,140
23.06.2015 17:11,144,141
23.06.2015 17:13,148,145
23.06.2015 17:15,144,150
23.06.2015 17:17,143,146
23.06.2015 17:19,137,148
23.06.2015 17:21,143,149
23.06.2015 17:23,145,147
23.06.2015 17:25,151,149
23.06.2015 17:27,158,145
23.06.2015 17:29,166,142
23.06.2015 17:33,170,145
23.06.2015 17:35,164,147
23.06.2015 17:37,155,155
23.06.2015 17:40,143,156
23.06.2015 17:42,146,151
23.06.2015 17:44,143,143
23.06.2015 17:46,142,146
23.06.2015 17:48,143,142
23.06.2015 17:50,139,148
23.06.2015 17:52,138,139
23.06.2015 17:56,141,138
23.06.2015 17:58,140,143
23.06.2015 18:01,138,146
23.06.2015 18:03,135,150
23.06.2015 18:05,140,146
23.06.2015 18:09,139,141
23.06.2015 18:11,137,145
23.06.2015 18:13,141,144
23.06.2015 18:15,140,145
23.06.2015 18:17,139,150
23.06.2015 18:19,138,152
23.06.2015 18:21,139,160
23.06.2015 18:23,140,154
23.06.2015 18:25,141,156
23.06.2015 18:27,142,146
23.06.2015 18:29,145,147
23.06.2015 18:31,150,143
23.06.2015 18:33,152,146
23.06.2015 18:37,147,147
23.06.2015 18:39,149,148
23.06.2015 18:41,150,142
23.06.2015 18:43,148,144
23.06.2015 18:45,151,149
23.06.2015 18:47,146,151
23.06.2015 18:49,144,149
23.06.2015 18:51,146,148
23.06.2015 18:53,149,152
23.06.2015 18:55,157,155
23.06.2015 18:57,158,154
23.06.2015 18:59,152,153
23.06.2015 19:04,144,145
23.06.2015 19:06,148,155
23.06.2015 19:08,143,152
23.06.2015 19:10,150,148
23.06.2015 19:12,140,145
23.06.2015 19:14,139,147
23.06.2015 19:16,145,144
23.06.2015 19:18,147,149
23.06.2015 19:20,151,145
23.06.2015 19:22,147,143
23.06.2015 19:24,143,144
23.06.2015 19:26,146,153
23.06.2015 19:28,145,148
23.06.2015 19:31,146,154
23.06.2015 19:33,152,155
23.06.2015 19:35,153,159
23.06.2015 19:37,161,164
23.06.2015 19:39,155,162
23.06.2015 19:41,157,158
23.06.2015 19:43,147,150
23.06.2015 19:47,143,158
23.06.2015 19:49,146,153
23.06.2015 19:51,148,150
23.06.2015 19:53,149,156
23.06.2015 19:55,142,155
23.06.2015 19:57,144,153
23.06.2015 19:59,150,161
23.06.2015 20:01,152,153
23.06.2015 20:03,151,149
23.06.2015 20:05,149,155
23.06.2015 20:11,153,157
23.06.2015 20:13,156,159
23.06.2015 20:15,155,162
23.06.2015 20:19,146,158
23.06.2015 20:21,156,164
23.06.2015 20:23,157,159
23.06.2015 20:25,154,157
23.06.2015 20:27,149,156
23.06.2015 20:29,146,154
23.06.2015 20:31,148,151
23.06.2015 20:33,145,154
23.06.2015 20:35,151,149
23.06.2015 20:37,147,154
23.06.2015 20:39,144,152
23.06.2015 20:43,146,149
23.06.2015 20:45,155,151
23.06.2015 20:47,149,154
23.06.2015 20:49,156,150
23.06.2015 20:53,160,152
23.06.2015 20:55,161,157
23.06.2015 20:57,166,149
23.06.2015 20:59,164,146
23.06.2015 21:02,163,147
23.06.2015 21:04,160,142
23.06.2015 21:06,152,139
23.06.2015 21:08,160,142
23.06.2015 21:10,155,139
23.06.2015 21:12,151,155
23.06.2015 21:14,157,159
23.06.2015 21:18,155,157
23.06.2015 21:20,161,153
23.06.2015 21:22,154,151
23.06.2015 21:24,155,155
23.06.2015 21:26,151,156
23.06.2015 21:28,157,155
23.06.2015 21:31,159,159
23.06.2015 21:33,161,157
23.06.2015 21:35,163,156
23.06.2015 21:37,159,159
23.06.2015 21:39,165,152
23.06.2015 21:41,160,149
23.06.2015 21:43,159,150
23.06.2015 21:45,157,145
23.06.2015 21:47,155,146
23.06.2015 21:49,153,152
23.06.2015 21:51,156,146
23.06.2015 21:53,150,143
23.06.2015 21:55,155,145
23.06.2015 21:57,153,147
23.06.2015 22:01,150,148
23.06.2015 22:03,153,145
23.06.2015 22:05,156,150
23.06.2015 22:07,152,145
23.06.2015 22:09,154,149
23.06.2015 22:13,159,141
23.06.2015 22:15,151,156
23.06.2015 22:17,148,147
23.06.2015 22:21,144,149
23.06.2015 22:23,141,147
23.06.2015 22:25,144,146
23.06.2015 22:29,141,143
23.06.2015 22:33,157,148
23.06.2015 22:35,160,147
23.06.2015 22:37,161,136
23.06.2015 22:39,160,141
23.06.2015 22:41,156,139
23.06.2015 22:43,153,129
23.06.2015 22:45,157,132
23.06.2015 22:51,161,138
23.06.2015 22:53,158,132
23.06.2015 22:57,161,128
23.06.2015 23:00,154,132
23.06.2015 23:02,151,124
23.06.2015 23:04,152,123
23.06.2015 23:06,147,121
23.06.2015 23:10,148,124
23.06.2015 23:12,154,122
23.06.2015 23:14,147,126
23.06.2015 23:16,145,125
23.06.2015 23:18,146,123
23.06.2015 23:20,149,130
23.06.2015 23:24,147,128
23.06.2015 23:26,152,117
23.06.2015 23:28,147,121
23.06.2015 23:31,150,122
23.06.2015 23:33,143,115
23.06.2015 23:35,158,114
23.06.2015 23:37,150,120
23.06.2015 23:39,151,114
23.06.2015 23:41,150,116
23.06.2015 23:43,151,114
23.06.2015 23:45,149,107
23.06.2015 23:47,148,113
23.06.2015 23:49,149,107
23.06.2015 23:51,145,111
23.06.2015 23:53,151,109
23.06.2015 23:55,149,104
23.06.2015 23:57,138,102
23.06.2015 23:59,143,111
24.06.2015 0:02,141,106
24.06.2015 0:04,131,109
24.06.2015 0:06,134,114
24.06.2015 0:08,140,113
24.06.2015 0:10,134,112
24.06.2015 0:14,130,111
24.06.2015 0:16,134,114
24.06.2015 0:18,126,110
24.06.2015 0:22,125,116
24.06.2015 0:24,123,105
24.06.2015 0:26,126,113
24.06.2015 0:28,124,110
24.06.2015 0:31,127,104
24.06.2015 0:39,126,105
24.06.2015 0:41,132,103
24.06.2015 0:43,130,104
24.06.2015 0:45,119,106
24.06.2015 0:47,123,108
24.06.2015 0:49,124,113
24.06.2015 0:51,117,110
24.06.2015 0:53,116,108
24.06.2015 0:55,122,104
24.06.2015 0:57,116,103
24.06.2015 0:59,117,98
24.06.2015 1:01,115,101
24.06.2015 1:03,109,108
24.06.2015 1:05,115,104
24.06.2015 1:07,109,106
24.06.2015 1:09,113,108
24.06.2015 1:13,111,106
24.06.2015 1:15,105,107
24.06.2015 1:17,104,108
24.06.2015 1:19,113,107
24.06.2015 1:23,109,111
24.06.2015 1:25,111,115
24.06.2015 1:27,116,106
24.06.2015 1:29,115,111
24.06.2015 1:33,114,109
24.06.2015 1:35,113,105
24.06.2015 1:37,116,110
24.06.2015 1:41,112,102
24.06.2015 1:43,118,101
24.06.2015 1:45,107,103
24.06.2015 1:47,115,100
24.06.2015 1:49,112,105
24.06.2015 1:51,106,107
24.06.2015 1:53,107,113
24.06.2015 1:55,105,109
24.06.2015 1:57,106,108
24.06.2015 1:59,109,109
24.06.2015 2:01,110,105
24.06.2015 2:03,115,98
24.06.2015 2:07,112,99
24.06.2015 2:09,110,98
24.06.2015 2:11,106,100
24.06.2015 2:13,105,98
24.06.2015 2:15,99,100
24.06.2015 2:17,103,103
24.06.2015 2:19,110,107
24.06.2015 2:23,107,104
24.06.2015 2:25,108,106
24.06.2015 2:27,109,107
24.06.2015 2:29,108,108
24.06.2015 2:33,109,115
24.06.2015 2:36,110,108
24.06.2015 2:38,109,110
24.06.2015 2:40,113,116
24.06.2015 2:42,116,113
24.06.2015 2:44,108,111
24.06.2015 2:46,112,103
24.06.2015 2:48,111,110
24.06.2015 2:50,106,109
24.06.2015 2:52,112,106
24.06.2015 2:54,104,97
24.06.2015 2:56,103,102
24.06.2015 2:58,104,95
24.06.2015 3:01,102,96
24.06.2015 3:03,107,100
24.06.2015 3:05,109,104
24.06.2015 3:07,115,94
24.06.2015 3:09,110,97
24.06.2015 3:11,109,100
24.06.2015 3:13,111,96
24.06.2015 3:15,107,101
24.06.2015 3:17,100,98
24.06.2015 3:19,101,100
24.06.2015 3:21,100,102
24.06.2015 3:23,102,99
24.06.2015 3:27,100,101
24.06.2015 3:29,102,99
24.06.2015 3:31,105,114
24.06.2015 3:35,109,115
24.06.2015 3:37,106,109
24.06.2015 3:41,109,111
24.06.2015 3:43,108,108
24.06.2015 3:45,110,98
24.06.2015 3:47,111,96
24.06.2015 3:49,118,99
24.06.2015 3:51,111,95
24.06.2015 3:53,113,97
24.06.2015 3:55,117,99
24.06.2015 3:59,114,102
24.06.2015 4:03,113,99
24.06.2015 4:07,106,95
24.06.2015 4:09,112,99
24.06.2015 4:11,111,94
24.06.2015 4:13,108,96
24.06.2015 4:15,98,99
24.06.2015 4:17,104,102
24.06.2015 4:19,97,103
24.06.2015 4:21,98,105
24.06.2015 4:23,102,106
24.06.2015 4:25,105,105
24.06.2015 4:27,96,101
24.06.2015 4:29,99,113
24.06.2015 4:31,101,102
24.06.2015 4:33,102,104
24.06.2015 4:35,97,107
24.06.2015 4:37,104,104
24.06.2015 4:39,100,103
24.06.2015 4:41,102,102
24.06.2015 4:43,104,104
24.06.2015 4:47,100,105
24.06.2015 4:49,103,104
24.06.2015 4:51,100,105
24.06.2015 4:53,116,117
24.06.2015 4:55,117,113
24.06.2015 4:57,111,119
24.06.2015 4:59,113,107
24.06.2015 5:01,111,105
24.06.2015 5:03,100,107
24.06.2015 5:05,98,108
24.06.2015 5:07,101,110
24.06.2015 5:09,96,105
24.06.2015 5:11,97,112
24.06.2015 5:13,99,110
24.06.2015 5:15,101,121
24.06.2015 5:17,104,113
24.06.2015 5:19,100,116
24.06.2015 5:21,96,114
24.06.2015 5:23,101,120
24.06.2015 5:25,96,118
24.06.2015 5:27,97,115
24.06.2015 5:29,100,116
24.06.2015 5:32,104,110
24.06.2015 5:34,105,109
24.06.2015 5:36,106,116
