date,frst
10.08.16 9:54,3.200000047683720
18.10.16 9:20,3.200000047683720
18.10.16 12:58,3.200000047683720
18.10.16 16:00,3.200000047683720
18.10.16 19:04,3.200000047683720
18.10.16 22:06,3.200000047683720
19.10.16 1:09,3.200000047683720
19.10.16 4:13,3.200000047683720
19.10.16 7:15,3.200000047683720
19.10.16 12:15,3.200000047683720
19.10.16 15:28,3.200000047683720
19.10.16 18:31,3.200000047683720
19.10.16 21:33,3.200000047683720
20.10.16 0:36,3.200000047683720
20.10.16 3:38,3.200000047683720
20.10.16 6:42,3.200000047683720
20.10.16 12:20,3.200000047683720
20.10.16 15:23,3.200000047683720
20.10.16 18:26,3.200000047683720
20.10.16 21:29,3.200000047683720
21.10.16 0:32,3.200000047683720
21.10.16 3:34,3.200000047683720
21.10.16 6:36,3.200000047683720
21.10.16 12:12,3.200000047683720
21.10.16 15:14,3.200000047683720
21.10.16 18:16,3.200000047683720
21.10.16 21:20,3.200000047683720
22.10.16 0:22,3.200000047683720
22.10.16 3:24,3.200000047683720
22.10.16 6:26,3.200000047683720
22.10.16 11:01,3.200000047683720
22.10.16 11:58,1.100000023841860
22.10.16 13:58,1.000000000000000
22.10.16 17:02,1.000000000000000
22.10.16 20:05,1.000000000000000
22.10.16 23:07,1.000000000000000
23.10.16 5:03,1.000000000000000
23.10.16 8:06,1.000000000000000
23.10.16 12:15,1.000000000000000
23.10.16 12:41,1.100000023841860
23.10.16 15:39,1.000000000000000
23.10.16 18:42,1.000000000000000
23.10.16 21:45,1.000000000000000
24.10.16 0:47,1.000000000000000
24.10.16 3:50,1.000000000000000
24.10.16 6:54,1.000000000000000
24.10.16 12:15,1.000000000000000
24.10.16 15:18,1.000000000000000
24.10.16 18:20,1.000000000000000
24.10.16 21:23,1.000000000000000
25.10.16 0:26,1.000000000000000
25.10.16 3:28,1.000000000000000
25.10.16 5:59,0.899999976158142
25.10.16 8:00,1.000000000000000
25.10.16 8:20,0.899999976158142
25.10.16 9:08,0.899999976158142
25.10.16 9:39,1.000000000000000
25.10.16 12:41,1.000000000000000
25.10.16 15:43,1.000000000000000
25.10.16 18:45,1.000000000000000
25.10.16 20:19,0.899999976158142
25.10.16 23:22,0.899999976158142
26.10.16 2:24,0.899999976158142
26.10.16 5:27,0.899999976158142
26.10.16 8:30,0.899999976158142
26.10.16 9:13,0.899999976158142
26.10.16 12:15,0.899999976158142
26.10.16 13:39,1.000000000000000
26.10.16 16:41,1.000000000000000
26.10.16 19:44,1.000000000000000
26.10.16 22:46,1.000000000000000
26.10.16 23:02,0.899999976158142
27.10.16 2:05,0.899999976158142
27.10.16 2:21,1.000000000000000
27.10.16 2:42,0.899999976158142
27.10.16 3:02,1.000000000000000
27.10.16 4:20,0.899999976158142
27.10.16 5:59,1.000000000000000
27.10.16 6:20,0.899999976158142
27.10.16 6:41,1.000000000000000
27.10.16 12:17,1.000000000000000
27.10.16 15:19,1.000000000000000
27.10.16 18:22,1.000000000000000
27.10.16 21:25,1.000000000000000
28.10.16 0:27,1.000000000000000
28.10.16 3:29,1.000000000000000
28.10.16 6:34,1.000000000000000
28.10.16 12:21,1.000000000000000
28.10.16 15:22,1.000000000000000
28.10.16 18:25,1.000000000000000
28.10.16 21:27,1.000000000000000
29.10.16 0:30,1.000000000000000
29.10.16 3:32,1.000000000000000
29.10.16 3:42,0.899999976158142
29.10.16 4:24,1.000000000000000
29.10.16 7:27,1.000000000000000
29.10.16 12:15,1.000000000000000
29.10.16 15:19,1.000000000000000
29.10.16 18:27,1.000000000000000
29.10.16 21:30,1.000000000000000
30.10.16 0:32,1.000000000000000
30.10.16 5:04,1.000000000000000
30.10.16 8:06,1.000000000000000
30.10.16 12:15,1.000000000000000
30.10.16 15:19,1.000000000000000
30.10.16 18:22,1.000000000000000
30.10.16 21:24,1.000000000000000
31.10.16 0:27,1.000000000000000
31.10.16 3:30,1.000000000000000
31.10.16 3:40,0.899999976158142
31.10.16 4:58,1.000000000000000
31.10.16 6:42,0.899999976158142
31.10.16 9:13,0.899999976158142
31.10.16 9:39,1.000000000000000
31.10.16 12:41,1.000000000000000
31.10.16 15:44,1.000000000000000
31.10.16 18:46,1.000000000000000
31.10.16 21:49,1.000000000000000
01.11.16 0:56,1.000000000000000
01.11.16 3:59,1.000000000000000
01.11.16 7:01,1.000000000000000
01.11.16 12:15,1.000000000000000
01.11.16 15:18,1.000000000000000
01.11.16 18:25,0.899999976158142
01.11.16 18:42,1.000000000000000
01.11.16 19:18,0.899999976158142
01.11.16 21:18,1.000000000000000
02.11.16 0:20,1.000000000000000
02.11.16 2:40,0.899999976158142
02.11.16 5:44,0.899999976158142
02.11.16 8:46,0.899999976158142
02.11.16 9:08,0.899999976158142
02.11.16 9:39,1.000000000000000
02.11.16 12:41,1.000000000000000
02.11.16 15:49,1.000000000000000
02.11.16 18:52,1.000000000000000
02.11.16 20:00,0.899999976158142
02.11.16 23:02,0.899999976158142
03.11.16 2:04,0.899999976158142
03.11.16 3:39,1.000000000000000
03.11.16 6:42,1.000000000000000
03.11.16 12:10,1.000000000000000
03.11.16 15:12,1.000000000000000
03.11.16 18:15,1.000000000000000
03.11.16 21:18,1.000000000000000
04.11.16 0:20,1.000000000000000
04.11.16 3:24,1.000000000000000
04.11.16 6:27,1.000000000000000
04.11.16 12:15,1.000000000000000
04.11.16 15:18,1.000000000000000
04.11.16 18:20,1.000000000000000
04.11.16 21:23,1.000000000000000
05.11.16 0:26,1.000000000000000
05.11.16 3:22,0.899999976158142
05.11.16 6:26,0.899999976158142
05.11.16 9:13,0.899999976158142
05.11.16 9:39,1.000000000000000
05.11.16 12:42,1.000000000000000
05.11.16 15:44,1.000000000000000
05.11.16 18:48,1.000000000000000
05.11.16 21:50,1.000000000000000
06.11.16 0:53,1.000000000000000
06.11.16 1:40,0.899999976158142
06.11.16 2:00,1.000000000000000
06.11.16 4:58,0.899999976158142
06.11.16 8:01,0.899999976158142
06.11.16 9:13,0.899999976158142
06.11.16 9:44,1.000000000000000
06.11.16 12:47,1.000000000000000
06.11.16 15:49,1.000000000000000
06.11.16 18:52,1.000000000000000
06.11.16 21:54,1.000000000000000
07.11.16 0:57,1.000000000000000
07.11.16 4:00,1.000000000000000
07.11.16 7:08,1.000000000000000
07.11.16 11:39,1.100000023841860
07.11.16 14:42,1.100000023841860
07.11.16 14:57,1.000000000000000
07.11.16 18:00,1.000000000000000
07.11.16 21:02,1.000000000000000
08.11.16 0:05,1.000000000000000
08.11.16 3:07,1.000000000000000
08.11.16 6:10,1.000000000000000
08.11.16 9:13,1.000000000000000
08.11.16 10:42,1.100000023841860
08.11.16 13:44,1.100000023841860
08.11.16 16:47,1.100000023841860
08.11.16 18:41,1.000000000000000
08.11.16 21:44,1.000000000000000
08.11.16 22:00,1.100000023841860
09.11.16 0:39,1.000000000000000
09.11.16 2:38,1.100000023841860
09.11.16 5:41,1.100000023841860
09.11.16 8:44,1.100000023841860
09.11.16 12:20,1.100000023841860
09.11.16 15:23,1.100000023841860
09.11.16 18:25,1.100000023841860
09.11.16 20:20,1.000000000000000
09.11.16 20:41,1.100000023841860
09.11.16 23:43,1.100000023841860
10.11.16 2:19,1.000000000000000
10.11.16 5:22,1.000000000000000
10.11.16 6:40,1.100000023841860
10.11.16 12:15,1.100000023841860
10.11.16 15:18,1.100000023841860
10.11.16 18:21,1.100000023841860
10.11.16 19:44,1.000000000000000
10.11.16 22:47,1.000000000000000
11.11.16 1:49,1.000000000000000
11.11.16 4:51,1.000000000000000
11.11.16 7:54,1.000000000000000
11.11.16 11:39,1.100000023841860
11.11.16 14:41,1.100000023841860
11.11.16 15:59,1.000000000000000
11.11.16 19:06,1.000000000000000
11.11.16 22:09,1.000000000000000
12.11.16 1:13,1.000000000000000
12.11.16 4:15,1.000000000000000
12.11.16 7:17,1.000000000000000
12.11.16 12:00,1.100000023841860
12.11.16 15:02,1.100000023841860
12.11.16 16:41,1.000000000000000
12.11.16 19:50,1.000000000000000
12.11.16 22:53,1.000000000000000
13.11.16 1:56,1.000000000000000
13.11.16 5:04,1.000000000000000
13.11.16 8:09,1.000000000000000
13.11.16 12:20,1.100000023841860
13.11.16 14:20,1.000000000000000
13.11.16 17:23,1.000000000000000
13.11.16 20:26,1.000000000000000
13.11.16 23:27,1.000000000000000
14.11.16 2:30,1.000000000000000
14.11.16 5:32,1.000000000000000
14.11.16 8:35,1.000000000000000
14.11.16 12:20,1.000000000000000
14.11.16 15:23,1.000000000000000
14.11.16 18:25,1.000000000000000
14.11.16 21:29,1.000000000000000
15.11.16 0:31,1.000000000000000
15.11.16 3:45,1.000000000000000
15.11.16 6:53,1.000000000000000
15.11.16 12:15,1.000000000000000
15.11.16 15:18,1.000000000000000
15.11.16 18:20,1.000000000000000
15.11.16 21:23,1.000000000000000
16.11.16 0:26,1.000000000000000
16.11.16 3:28,1.000000000000000
16.11.16 6:30,1.000000000000000
16.11.16 12:15,1.000000000000000
16.11.16 15:18,1.000000000000000
16.11.16 18:20,1.000000000000000
16.11.16 21:25,1.000000000000000
17.11.16 0:29,1.000000000000000
17.11.16 3:31,1.000000000000000
17.11.16 5:41,0.899999976158142
17.11.16 8:44,0.899999976158142
17.11.16 9:08,0.899999976158142
17.11.16 12:13,0.899999976158142
17.11.16 12:18,1.000000000000000
17.11.16 15:21,1.000000000000000
17.11.16 18:23,1.000000000000000
17.11.16 18:39,0.899999976158142
17.11.16 21:46,0.899999976158142
18.11.16 0:49,0.899999976158142
18.11.16 3:53,0.899999976158142
18.11.16 6:55,0.899999976158142
18.11.16 9:13,0.899999976158142
18.11.16 11:39,1.000000000000000
18.11.16 14:42,1.000000000000000
18.11.16 17:45,1.000000000000000
18.11.16 19:40,0.899999976158142
18.11.16 22:40,0.899999976158142
19.11.16 1:43,0.899999976158142
19.11.16 4:45,0.899999976158142
19.11.16 7:53,0.899999976158142
19.11.16 9:13,0.899999976158142
19.11.16 10:21,1.000000000000000
19.11.16 13:23,1.000000000000000
19.11.16 16:25,1.000000000000000
19.11.16 19:28,1.000000000000000
19.11.16 21:02,0.899999976158142
20.11.16 0:04,0.899999976158142
20.11.16 2:01,0.899999976158142
20.11.16 5:03,0.899999976158142
20.11.16 8:06,0.899999976158142
20.11.16 9:13,0.899999976158142
20.11.16 11:39,1.000000000000000
20.11.16 14:47,1.000000000000000
20.11.16 16:01,0.899999976158142
20.11.16 19:05,0.899999976158142
20.11.16 22:07,0.899999976158142
21.11.16 1:10,0.899999976158142
21.11.16 4:13,0.899999976158142
21.11.16 7:15,0.899999976158142
21.11.16 9:13,0.899999976158142
21.11.16 10:37,1.000000000000000
21.11.16 13:40,1.000000000000000
21.11.16 16:43,1.000000000000000
21.11.16 19:47,1.000000000000000
21.11.16 20:39,0.899999976158142
21.11.16 23:41,0.899999976158142
22.11.16 2:44,0.899999976158142
22.11.16 5:46,0.899999976158142
22.11.16 8:49,0.899999976158142
22.11.16 9:13,0.899999976158142
22.11.16 10:41,1.000000000000000
22.11.16 13:44,1.000000000000000
22.11.16 16:46,1.000000000000000
22.11.16 19:48,1.000000000000000
22.11.16 21:22,0.899999976158142
23.11.16 0:25,0.899999976158142
23.11.16 3:27,0.899999976158142
23.11.16 6:30,0.899999976158142
23.11.16 9:13,0.899999976158142
23.11.16 11:19,1.000000000000000
23.11.16 14:22,1.000000000000000
23.11.16 17:24,1.000000000000000
23.11.16 19:19,0.899999976158142
23.11.16 22:22,0.899999976158142
24.11.16 1:25,0.899999976158142
24.11.16 4:27,0.899999976158142
24.11.16 7:32,0.899999976158142
24.11.16 9:13,0.899999976158142
24.11.16 10:57,1.000000000000000
24.11.16 14:01,1.000000000000000
24.11.16 17:03,1.000000000000000
24.11.16 18:58,0.899999976158142
24.11.16 22:01,0.899999976158142
25.11.16 1:03,0.899999976158142
25.11.16 4:06,0.899999976158142
25.11.16 7:19,0.899999976158142
25.11.16 9:08,0.899999976158142
25.11.16 10:21,1.000000000000000
25.11.16 13:24,1.000000000000000
25.11.16 16:27,1.000000000000000
25.11.16 19:29,1.000000000000000
25.11.16 22:32,1.000000000000000
26.11.16 1:34,1.000000000000000
26.11.16 4:47,1.000000000000000
26.11.16 7:49,1.000000000000000
26.11.16 12:20,1.000000000000000
26.11.16 15:23,1.000000000000000
26.11.16 18:28,1.000000000000000
26.11.16 21:30,1.000000000000000
27.11.16 0:32,1.000000000000000
27.11.16 5:03,1.000000000000000
27.11.16 8:08,1.000000000000000
27.11.16 12:21,1.000000000000000
27.11.16 15:23,1.000000000000000
27.11.16 18:26,1.000000000000000
27.11.16 21:30,1.000000000000000
28.11.16 0:32,1.000000000000000
28.11.16 3:34,1.000000000000000
28.11.16 6:39,1.000000000000000
28.11.16 12:15,1.000000000000000
28.11.16 15:23,1.000000000000000
28.11.16 18:25,1.000000000000000
28.11.16 21:28,1.000000000000000
29.11.16 0:31,1.000000000000000
29.11.16 3:34,1.000000000000000
29.11.16 6:36,1.000000000000000
29.11.16 12:15,1.000000000000000
29.11.16 15:18,1.000000000000000
29.11.16 18:20,1.000000000000000
29.11.16 21:23,1.000000000000000
29.11.16 23:18,0.899999976158142
30.11.16 2:21,0.899999976158142
30.11.16 5:24,0.899999976158142
30.11.16 8:27,0.899999976158142
30.11.16 9:13,0.899999976158142
30.11.16 12:15,0.899999976158142
30.11.16 15:18,0.899999976158142
30.11.16 18:27,0.899999976158142
30.11.16 21:30,0.899999976158142
01.12.16 0:32,0.899999976158142
01.12.16 3:35,0.899999976158142
01.12.16 6:37,0.899999976158142
01.12.16 9:13,0.899999976158142
01.12.16 12:15,0.899999976158142
01.12.16 15:18,0.899999976158142
01.12.16 18:20,0.899999976158142
01.12.16 21:23,0.899999976158142
02.12.16 0:27,0.899999976158142
02.12.16 3:29,0.899999976158142
02.12.16 6:32,0.899999976158142
02.12.16 9:23,0.899999976158142
02.12.16 12:26,0.899999976158142
02.12.16 15:29,0.899999976158142
02.12.16 18:31,0.899999976158142
02.12.16 21:34,0.899999976158142
03.12.16 0:36,0.899999976158142
03.12.16 3:38,0.899999976158142
03.12.16 6:41,1.000000000000000
03.12.16 7:07,0.899999976158142
03.12.16 8:00,1.000000000000000
03.12.16 8:21,0.899999976158142
03.12.16 9:13,0.899999976158142
03.12.16 11:40,1.000000000000000
03.12.16 14:42,1.000000000000000
03.12.16 14:58,0.899999976158142
03.12.16 18:01,0.899999976158142
03.12.16 21:05,0.899999976158142
04.12.16 0:08,0.899999976158142
04.12.16 2:06,0.899999976158142
04.12.16 3:19,1.000000000000000
04.12.16 4:06,0.899999976158142
04.12.16 4:58,1.000000000000000
04.12.16 7:03,0.899999976158142
04.12.16 8:22,1.000000000000000
04.12.16 12:17,1.000000000000000
04.12.16 14:01,0.899999976158142
04.12.16 14:38,1.000000000000000
04.12.16 17:45,1.000000000000000
04.12.16 18:21,0.899999976158142
04.12.16 21:24,0.899999976158142
05.12.16 0:27,0.899999976158142
05.12.16 1:03,1.000000000000000
05.12.16 3:39,0.899999976158142
05.12.16 6:42,0.899999976158142
05.12.16 9:13,0.899999976158142
05.12.16 12:16,0.899999976158142
05.12.16 12:42,1.000000000000000
05.12.16 13:18,0.899999976158142
05.12.16 16:20,0.899999976158142
05.12.16 19:23,0.899999976158142
05.12.16 22:26,0.899999976158142
06.12.16 1:28,0.899999976158142
06.12.16 4:30,0.899999976158142
06.12.16 7:32,0.899999976158142
06.12.16 9:08,0.899999976158142
06.12.16 12:20,1.000000000000000
06.12.16 12:57,0.899999976158142
06.12.16 15:59,0.899999976158142
06.12.16 19:02,0.899999976158142
06.12.16 22:04,0.899999976158142
07.12.16 1:07,0.899999976158142
07.12.16 3:02,1.000000000000000
07.12.16 5:17,0.899999976158142
07.12.16 8:21,0.899999976158142
07.12.16 9:08,0.899999976158142
07.12.16 12:10,0.899999976158142
07.12.16 15:18,0.899999976158142
07.12.16 18:23,0.899999976158142
08.12.16 1:30,0.899999976158142
08.12.16 4:33,0.899999976158142
08.12.16 7:36,0.899999976158142
08.12.16 9:08,0.899999976158142
08.12.16 12:10,0.899999976158142
08.12.16 15:12,0.899999976158142
08.12.16 18:15,0.899999976158142
08.12.16 21:17,0.899999976158142
09.12.16 0:19,0.899999976158142
09.12.16 3:22,0.899999976158142
09.12.16 6:24,0.899999976158142
09.12.16 9:13,0.899999976158142
09.12.16 12:17,0.899999976158142
09.12.16 15:19,0.899999976158142
09.12.16 18:22,0.899999976158142
09.12.16 21:24,0.899999976158142
10.12.16 0:26,0.899999976158142
10.12.16 3:30,0.899999976158142
10.12.16 6:01,1.000000000000000
10.12.16 8:01,0.899999976158142
10.12.16 9:08,0.899999976158142
10.12.16 12:10,0.899999976158142
10.12.16 15:13,0.899999976158142
10.12.16 16:21,1.000000000000000
10.12.16 19:18,0.899999976158142
10.12.16 22:20,0.899999976158142
11.12.16 1:22,0.899999976158142
11.12.16 2:01,0.899999976158142
11.12.16 2:17,1.000000000000000
11.12.16 4:01,0.899999976158142
11.12.16 7:05,0.899999976158142
11.12.16 9:08,0.899999976158142
11.12.16 12:10,0.899999976158142
11.12.16 15:12,0.899999976158142
11.12.16 15:39,1.000000000000000
11.12.16 18:42,1.000000000000000
11.12.16 21:44,1.000000000000000
12.12.16 0:46,1.000000000000000
12.12.16 3:49,1.000000000000000
12.12.16 6:52,1.000000000000000
12.12.16 12:10,1.000000000000000
12.12.16 15:13,1.000000000000000
12.12.16 18:15,1.000000000000000
12.12.16 21:17,1.000000000000000
13.12.16 0:20,1.000000000000000
13.12.16 3:24,1.000000000000000
13.12.16 6:29,1.000000000000000
13.12.16 10:20,0.899999976158142
13.12.16 13:23,0.899999976158142
13.12.16 16:25,0.899999976158142
13.12.16 19:27,0.899999976158142
13.12.16 22:31,0.899999976158142
14.12.16 1:33,0.899999976158142
14.12.16 4:36,0.899999976158142
14.12.16 7:39,0.899999976158142
14.12.16 9:08,0.899999976158142
14.12.16 12:10,0.899999976158142
14.12.16 15:10,0.899999976158142
14.12.16 18:12,0.899999976158142
14.12.16 21:15,0.899999976158142
15.12.16 0:19,0.899999976158142
15.12.16 3:22,0.899999976158142
15.12.16 6:24,0.899999976158142
15.12.16 9:08,0.899999976158142
15.12.16 12:10,0.899999976158142
15.12.16 15:14,0.899999976158142
15.12.16 16:42,1.000000000000000
15.12.16 18:01,0.899999976158142
15.12.16 21:04,0.899999976158142
16.12.16 3:35,0.899999976158142
16.12.16 6:35,0.899999976158142
16.12.16 9:13,0.899999976158142
16.12.16 12:15,0.899999976158142
16.12.16 15:18,0.899999976158142
16.12.16 18:20,0.899999976158142
16.12.16 21:23,0.899999976158142
17.12.16 0:26,0.899999976158142
17.12.16 3:33,0.899999976158142
17.12.16 6:36,0.899999976158142
17.12.16 9:13,0.899999976158142
17.12.16 12:21,0.899999976158142
17.12.16 15:23,0.899999976158142
17.12.16 18:25,0.899999976158142
17.12.16 21:28,0.899999976158142
18.12.16 0:32,0.899999976158142
18.12.16 2:06,0.899999976158142
18.12.16 5:08,0.899999976158142
18.12.16 8:10,0.899999976158142
18.12.16 9:08,0.899999976158142
18.12.16 12:10,0.899999976158142
18.12.16 15:12,0.899999976158142
18.12.16 18:15,0.899999976158142
18.12.16 21:18,0.899999976158142
19.12.16 0:22,0.899999976158142
19.12.16 3:25,0.899999976158142
19.12.16 6:27,0.899999976158142
19.12.16 9:08,0.899999976158142
19.12.16 12:10,0.899999976158142
19.12.16 15:12,0.899999976158142
19.12.16 18:15,0.899999976158142
19.12.16 21:18,0.899999976158142
20.12.16 0:20,0.899999976158142
20.12.16 3:23,0.899999976158142
20.12.16 6:27,0.899999976158142
20.12.16 9:13,0.899999976158142
20.12.16 12:17,0.899999976158142
20.12.16 15:19,0.899999976158142
20.12.16 18:21,0.899999976158142
20.12.16 21:26,0.899999976158142
21.12.16 3:31,0.899999976158142
21.12.16 6:33,0.899999976158142
21.12.16 9:13,0.899999976158142
21.12.16 12:15,0.899999976158142
21.12.16 15:18,0.899999976158142
21.12.16 18:20,0.899999976158142
21.12.16 21:23,0.899999976158142
22.12.16 0:26,0.899999976158142
22.12.16 3:34,0.899999976158142
22.12.16 6:36,0.899999976158142
22.12.16 9:08,0.899999976158142
22.12.16 12:10,0.899999976158142
22.12.16 14:00,1.000000000000000
22.12.16 14:21,0.899999976158142
22.12.16 17:24,0.899999976158142
22.12.16 20:27,0.899999976158142
22.12.16 23:29,0.899999976158142
23.12.16 2:32,0.899999976158142
23.12.16 5:35,0.899999976158142
23.12.16 8:37,0.899999976158142
23.12.16 9:08,0.899999976158142
23.12.16 12:10,0.899999976158142
23.12.16 13:18,1.000000000000000
23.12.16 15:40,0.899999976158142
23.12.16 18:48,0.899999976158142
23.12.16 21:51,0.899999976158142
24.12.16 0:53,0.899999976158142
24.12.16 3:57,0.899999976158142
24.12.16 7:00,0.899999976158142
24.12.16 9:08,0.899999976158142
24.12.16 12:10,0.899999976158142
24.12.16 14:57,1.000000000000000
24.12.16 16:58,0.899999976158142
24.12.16 20:01,0.899999976158142
24.12.16 23:03,0.899999976158142
25.12.16 2:01,0.899999976158142
25.12.16 5:03,0.899999976158142
25.12.16 8:06,0.899999976158142
25.12.16 8:38,1.000000000000000
25.12.16 10:57,0.899999976158142
25.12.16 14:04,0.899999976158142
25.12.16 17:08,0.899999976158142
25.12.16 20:10,0.899999976158142
25.12.16 23:12,0.899999976158142
26.12.16 2:14,0.899999976158142
26.12.16 5:16,0.899999976158142
26.12.16 7:58,1.000000000000000
26.12.16 10:36,0.899999976158142
26.12.16 10:57,1.000000000000000
26.12.16 14:01,1.000000000000000
26.12.16 14:58,0.899999976158142
26.12.16 18:01,0.899999976158142
26.12.16 21:03,0.899999976158142
27.12.16 0:06,0.899999976158142
27.12.16 3:09,0.899999976158142
27.12.16 6:11,0.899999976158142
27.12.16 9:08,0.899999976158142
27.12.16 12:10,0.899999976158142
27.12.16 15:13,0.899999976158142
27.12.16 18:16,0.899999976158142
27.12.16 21:19,0.899999976158142
28.12.16 0:21,0.899999976158142
28.12.16 3:23,0.899999976158142
28.12.16 6:25,0.899999976158142
28.12.16 9:08,0.899999976158142
28.12.16 10:41,1.000000000000000
28.12.16 13:18,0.899999976158142
28.12.16 16:20,0.899999976158142
28.12.16 19:25,0.899999976158142
28.12.16 22:28,0.899999976158142
29.12.16 1:31,0.899999976158142
29.12.16 4:33,0.899999976158142
29.12.16 7:41,0.899999976158142
29.12.16 9:08,0.899999976158142
29.12.16 12:10,0.899999976158142
29.12.16 15:14,0.899999976158142
29.12.16 18:16,0.899999976158142
29.12.16 21:19,0.899999976158142
30.12.16 0:22,0.899999976158142
30.12.16 3:25,0.899999976158142
30.12.16 6:27,0.899999976158142
30.12.16 9:08,0.899999976158142
30.12.16 12:10,0.899999976158142
30.12.16 15:13,0.899999976158142
30.12.16 16:57,1.000000000000000
30.12.16 18:00,0.899999976158142
30.12.16 21:02,0.899999976158142
31.12.16 0:15,0.899999976158142
31.12.16 3:18,0.899999976158142
31.12.16 6:20,0.899999976158142
31.12.16 9:13,0.899999976158142
31.12.16 12:15,0.899999976158142
31.12.16 15:18,0.899999976158142
31.12.16 18:20,0.899999976158142
31.12.16 21:23,0.899999976158142
01.01.17 0:26,0.899999976158142
01.01.17 2:01,0.899999976158142
01.01.17 5:05,0.899999976158142
01.01.17 6:18,1.000000000000000
01.01.17 12:10,1.000000000000000
01.01.17 15:13,1.000000000000000
01.01.17 18:15,1.000000000000000
01.01.17 21:18,1.000000000000000
02.01.17 0:21,1.000000000000000
02.01.17 3:23,1.000000000000000
02.01.17 6:25,1.000000000000000
02.01.17 6:36,0.899999976158142
02.01.17 6:57,1.000000000000000
02.01.17 12:10,1.000000000000000
02.01.17 13:18,0.899999976158142
02.01.17 14:36,1.000000000000000
02.01.17 17:39,1.000000000000000
02.01.17 20:42,1.000000000000000
02.01.17 23:45,1.000000000000000
03.01.17 2:47,1.000000000000000
03.01.17 5:49,1.000000000000000
03.01.17 8:51,1.000000000000000
03.01.17 12:10,1.000000000000000
03.01.17 15:12,1.000000000000000
03.01.17 18:15,1.000000000000000
03.01.17 21:18,1.000000000000000
04.01.17 0:20,1.000000000000000
04.01.17 3:22,1.000000000000000
04.01.17 6:26,1.000000000000000
04.01.17 6:41,0.899999976158142
04.01.17 9:08,0.899999976158142
04.01.17 12:10,0.899999976158142
04.01.17 12:20,1.000000000000000
04.01.17 12:36,0.899999976158142
04.01.17 15:39,0.899999976158142
04.01.17 17:18,1.000000000000000
04.01.17 20:21,1.000000000000000
04.01.17 23:23,1.000000000000000
04.01.17 23:59,0.899999976158142
05.01.17 0:20,1.000000000000000
05.01.17 3:23,1.000000000000000
05.01.17 6:25,1.000000000000000
05.01.17 12:10,1.000000000000000
05.01.17 15:12,1.000000000000000
05.01.17 18:15,1.000000000000000
05.01.17 21:17,1.000000000000000
06.01.17 0:20,1.000000000000000
06.01.17 3:23,1.000000000000000
06.01.17 6:26,1.000000000000000
06.01.17 12:10,1.000000000000000
06.01.17 15:13,1.000000000000000
06.01.17 18:15,1.000000000000000
06.01.17 21:18,1.000000000000000
07.01.17 0:21,1.000000000000000
07.01.17 3:23,1.000000000000000
07.01.17 6:27,1.000000000000000
07.01.17 12:10,1.000000000000000
07.01.17 15:13,1.000000000000000
07.01.17 18:16,1.000000000000000
07.01.17 21:23,1.000000000000000
08.01.17 0:25,1.000000000000000
08.01.17 5:04,1.000000000000000
08.01.17 8:12,1.000000000000000
08.01.17 10:00,0.899999976158142
08.01.17 13:08,0.899999976158142
08.01.17 13:18,1.000000000000000
08.01.17 16:20,1.000000000000000
08.01.17 16:57,0.899999976158142
08.01.17 19:59,0.899999976158142
08.01.17 23:01,0.899999976158142
09.01.17 2:04,0.899999976158142
09.01.17 5:07,0.899999976158142
09.01.17 5:39,1.000000000000000
09.01.17 8:41,1.000000000000000
09.01.17 12:10,1.000000000000000
09.01.17 15:13,1.000000000000000
09.01.17 18:17,1.000000000000000
09.01.17 21:19,1.000000000000000
10.01.17 0:20,1.000000000000000
10.01.17 1:17,0.899999976158142
10.01.17 3:17,1.000000000000000
10.01.17 6:21,1.000000000000000
10.01.17 12:15,1.000000000000000
10.01.17 15:18,1.000000000000000
10.01.17 18:21,1.000000000000000
10.01.17 18:37,0.899999976158142
10.01.17 21:39,0.899999976158142
11.01.17 0:41,0.899999976158142
11.01.17 3:44,0.899999976158142
11.01.17 6:47,0.899999976158142
11.01.17 9:08,0.899999976158142
11.01.17 12:00,1.000000000000000
11.01.17 15:02,1.000000000000000
11.01.17 18:10,1.000000000000000
11.01.17 21:12,1.000000000000000
12.01.17 0:15,1.000000000000000
12.01.17 1:39,0.899999976158142
12.01.17 2:01,1.000000000000000
12.01.17 5:04,1.000000000000000
12.01.17 8:09,1.000000000000000
12.01.17 12:11,1.000000000000000
12.01.17 15:14,1.000000000000000
12.01.17 18:16,1.000000000000000
12.01.17 21:19,1.000000000000000
12.01.17 22:59,0.899999976158142
13.01.17 2:01,0.899999976158142
13.01.17 2:42,1.000000000000000
13.01.17 5:44,1.000000000000000
13.01.17 8:47,1.000000000000000
13.01.17 12:11,1.000000000000000
13.01.17 14:21,0.899999976158142
13.01.17 17:23,0.899999976158142
13.01.17 20:26,0.899999976158142
13.01.17 23:28,0.899999976158142
14.01.17 2:31,0.899999976158142
14.01.17 5:35,0.899999976158142
14.01.17 8:38,0.899999976158142
14.01.17 9:08,0.899999976158142
14.01.17 11:39,1.000000000000000
14.01.17 14:41,1.000000000000000
14.01.17 17:43,1.000000000000000
14.01.17 19:18,0.899999976158142
14.01.17 22:21,0.899999976158142
15.01.17 1:23,0.899999976158142
15.01.17 2:01,0.899999976158142
15.01.17 5:04,0.899999976158142
15.01.17 8:06,0.899999976158142
15.01.17 9:08,0.899999976158142
15.01.17 10:20,1.000000000000000
15.01.17 13:23,1.000000000000000
15.01.17 16:26,1.000000000000000
15.01.17 19:28,1.000000000000000
15.01.17 20:20,0.899999976158142
15.01.17 23:24,0.899999976158142
16.01.17 2:26,0.899999976158142
16.01.17 4:58,1.000000000000000
16.01.17 8:02,1.000000000000000
16.01.17 12:17,1.000000000000000
16.01.17 15:19,1.000000000000000
16.01.17 18:22,1.000000000000000
16.01.17 20:38,0.899999976158142
16.01.17 23:40,0.899999976158142
17.01.17 0:17,1.000000000000000
17.01.17 3:19,1.000000000000000
17.01.17 6:21,1.000000000000000
17.01.17 12:12,1.000000000000000
17.01.17 15:21,1.000000000000000
17.01.17 18:24,1.000000000000000
17.01.17 21:26,1.000000000000000
18.01.17 0:18,0.899999976158142
18.01.17 1:36,1.000000000000000
18.01.17 1:57,0.899999976158142
18.01.17 2:18,1.000000000000000
18.01.17 5:22,1.000000000000000
18.01.17 5:38,0.899999976158142
18.01.17 8:40,0.899999976158142
18.01.17 9:13,0.899999976158142
18.01.17 12:16,0.899999976158142
18.01.17 15:19,0.899999976158142
18.01.17 18:19,0.899999976158142
18.01.17 21:24,0.899999976158142
19.01.17 0:28,0.899999976158142
19.01.17 3:31,0.899999976158142
19.01.17 6:42,0.899999976158142
19.01.17 9:18,0.899999976158142
19.01.17 12:23,0.899999976158142
19.01.17 15:27,0.899999976158142
19.01.17 18:28,0.899999976158142
19.01.17 21:36,0.899999976158142
20.01.17 0:42,0.899999976158142
20.01.17 3:45,0.899999976158142
20.01.17 6:49,0.899999976158142
20.01.17 9:08,0.899999976158142
20.01.17 12:12,0.899999976158142
20.01.17 15:17,0.899999976158142
20.01.17 18:22,0.899999976158142
20.01.17 21:30,0.899999976158142
21.01.17 0:32,0.899999976158142
21.01.17 3:35,0.899999976158142
21.01.17 6:38,0.899999976158142
21.01.17 9:08,0.899999976158142
21.01.17 12:16,0.899999976158142
21.01.17 15:20,0.899999976158142
21.01.17 18:23,0.899999976158142
21.01.17 21:26,0.899999976158142
22.01.17 0:29,0.899999976158142
22.01.17 2:01,0.899999976158142
22.01.17 5:05,0.899999976158142
22.01.17 8:09,0.899999976158142
22.01.17 9:08,0.899999976158142
22.01.17 12:12,0.899999976158142
22.01.17 15:15,0.899999976158142
24.04.17 12:10,0.899999976158142
24.04.17 15:14,0.899999976158142
24.04.17 18:19,0.899999976158142
24.04.17 21:22,0.899999976158142
25.04.17 0:26,0.899999976158142
25.04.17 3:31,0.899999976158142
25.04.17 6:35,0.899999976158142
25.04.17 8:47,0.899999976158142
25.04.17 10:05,0.899999976158142
25.04.17 13:10,0.899999976158142
25.04.17 16:14,0.899999976158142
25.04.17 19:17,0.899999976158142
25.04.17 22:21,0.899999976158142
26.04.17 1:25,0.899999976158142
26.04.17 4:29,0.899999976158142
26.04.17 7:33,0.899999976158142
26.04.17 10:10,0.899999976158142
26.04.17 13:20,0.899999976158142
26.04.17 16:23,0.899999976158142
26.04.17 19:27,0.899999976158142
26.04.17 22:31,0.899999976158142
27.04.17 1:35,0.899999976158142
27.04.17 4:39,0.899999976158142
27.04.17 7:39,0.899999976158142
27.04.17 10:05,0.899999976158142
27.04.17 13:08,0.899999976158142
27.04.17 16:12,0.899999976158142
27.04.17 19:16,0.899999976158142
27.04.17 22:20,0.899999976158142
28.04.17 1:22,0.899999976158142
28.04.17 4:27,0.899999976158142
28.04.17 7:32,0.899999976158142
28.04.17 10:05,0.899999976158142
28.04.17 13:09,0.899999976158142
28.04.17 16:12,0.899999976158142
28.04.17 19:15,0.899999976158142
28.04.17 22:19,0.899999976158142
29.04.17 1:29,0.899999976158142
29.04.17 4:33,0.899999976158142
29.04.17 7:36,0.899999976158142
29.04.17 10:05,0.899999976158142
29.04.17 13:15,0.899999976158142
29.04.17 16:18,0.899999976158142
29.04.17 19:22,0.899999976158142
29.04.17 22:26,0.899999976158142
30.04.17 1:30,0.899999976158142
30.04.17 2:12,0.899999976158142
30.04.17 5:15,0.899999976158142
30.04.17 8:18,0.899999976158142
30.04.17 10:10,0.899999976158142
30.04.17 13:12,0.899999976158142
30.04.17 22:00,0.899999976158142
01.05.17 1:03,0.899999976158142
01.05.17 4:08,0.899999976158142
01.05.17 7:12,0.899999976158142
01.05.17 10:10,0.899999976158142
01.05.17 13:14,0.899999976158142
01.05.17 16:18,0.899999976158142
01.05.17 19:23,0.899999976158142
01.05.17 22:28,0.899999976158142
02.05.17 1:33,0.899999976158142
02.05.17 4:36,0.899999976158142
02.05.17 7:36,0.899999976158142
02.05.17 10:05,0.899999976158142
02.05.17 13:08,0.899999976158142
02.05.17 16:12,0.899999976158142
02.05.17 19:16,0.899999976158142
02.05.17 22:20,0.899999976158142
03.05.17 1:24,0.899999976158142
03.05.17 4:29,0.899999976158142
03.05.17 7:32,0.899999976158142
03.05.17 10:05,0.899999976158142
03.05.17 13:09,0.899999976158142
03.05.17 16:12,0.899999976158142
03.05.17 19:22,0.899999976158142
03.05.17 22:26,0.899999976158142
04.05.17 1:30,0.899999976158142
04.05.17 4:34,0.899999976158142
04.05.17 7:38,0.899999976158142
04.05.17 10:05,0.899999976158142
04.05.17 13:09,0.899999976158142
04.05.17 16:14,0.899999976158142
04.05.17 19:20,0.899999976158142
04.05.17 22:29,0.899999976158142
05.05.17 1:32,0.899999976158142
05.05.17 4:38,0.899999976158142
05.05.17 7:41,0.899999976158142
05.05.17 10:10,0.899999976158142
05.05.17 13:13,0.899999976158142
05.05.17 16:17,0.899999976158142
05.05.17 19:25,0.899999976158142
05.05.17 22:29,0.899999976158142
06.05.17 1:32,0.899999976158142
06.05.17 4:37,0.899999976158142
06.05.17 7:41,0.899999976158142
06.05.17 10:10,0.899999976158142
06.05.17 13:13,0.899999976158142
06.05.17 16:18,0.899999976158142
06.05.17 19:22,0.899999976158142
06.05.17 22:26,0.899999976158142
07.05.17 1:30,0.899999976158142
07.05.17 2:00,0.899999976158142
07.05.17 5:06,0.899999976158142
07.05.17 8:15,0.899999976158142
07.05.17 10:05,0.899999976158142
07.05.17 13:09,0.899999976158142
07.05.17 16:09,0.899999976158142
07.05.17 19:13,0.899999976158142
07.05.17 22:17,0.899999976158142
08.05.17 1:21,0.899999976158142
08.05.17 4:24,0.899999976158142
08.05.17 7:28,0.899999976158142
08.05.17 10:05,0.899999976158142
08.05.17 13:09,0.899999976158142
08.05.17 16:13,0.899999976158142
08.05.17 19:17,0.899999976158142
08.05.17 22:22,0.899999976158142
09.05.17 1:27,0.899999976158142
09.05.17 4:31,0.899999976158142
09.05.17 7:34,0.899999976158142
09.05.17 10:05,0.899999976158142
09.05.17 13:08,0.899999976158142
09.05.17 16:12,0.899999976158142
09.05.17 19:16,0.899999976158142
09.05.17 22:20,0.899999976158142
10.05.17 1:25,0.899999976158142
10.05.17 4:29,0.899999976158142
10.05.17 7:32,0.899999976158142
10.05.17 10:05,0.899999976158142
10.05.17 13:09,0.899999976158142
10.05.17 16:13,0.899999976158142
10.05.17 19:16,0.899999976158142
10.05.17 22:21,0.899999976158142
11.05.17 1:24,0.899999976158142
11.05.17 4:27,0.899999976158142
11.05.17 7:31,0.899999976158142
11.05.17 10:05,0.899999976158142
11.05.17 13:09,0.899999976158142
11.05.17 16:13,0.899999976158142
11.05.17 19:17,0.899999976158142
11.05.17 22:20,0.899999976158142
12.05.17 1:24,0.899999976158142
12.05.17 4:29,0.899999976158142
12.05.17 7:34,0.899999976158142
12.05.17 10:10,0.899999976158142
12.05.17 13:15,0.899999976158142
12.05.17 16:20,0.899999976158142
12.05.17 19:23,0.899999976158142
12.05.17 22:28,0.899999976158142
13.05.17 1:31,0.899999976158142
13.05.17 4:35,0.899999976158142
13.05.17 7:38,0.899999976158142
13.05.17 10:05,0.899999976158142
13.05.17 13:09,0.899999976158142
13.05.17 16:13,0.899999976158142
13.05.17 19:17,0.899999976158142
13.05.17 22:17,0.899999976158142
14.05.17 1:21,0.899999976158142
14.05.17 2:00,0.899999976158142
14.05.17 5:04,0.899999976158142
14.05.17 8:08,0.899999976158142
14.05.17 10:05,0.899999976158142
14.05.17 13:10,0.899999976158142
14.05.17 16:13,0.899999976158142
14.05.17 19:17,0.899999976158142
14.05.17 22:20,0.899999976158142
15.05.17 1:24,0.899999976158142
15.05.17 4:27,0.899999976158142
15.05.17 7:31,0.899999976158142
15.05.17 10:05,0.899999976158142
15.05.17 13:06,0.899999976158142
15.05.17 16:10,0.899999976158142
15.05.17 19:15,0.899999976158142
15.05.17 22:19,0.899999976158142
16.05.17 1:23,0.899999976158142
16.05.17 4:27,0.899999976158142
16.05.17 7:31,0.899999976158142
16.05.17 10:05,0.899999976158142
16.05.17 13:10,0.899999976158142
16.05.17 16:18,0.899999976158142
16.05.17 19:22,0.899999976158142
16.05.17 22:26,0.899999976158142
17.05.17 1:27,0.899999976158142
17.05.17 4:28,0.899999976158142
17.05.17 7:29,0.899999976158142
17.05.17 10:05,0.899999976158142
17.05.17 13:07,0.899999976158142
17.05.17 16:11,0.899999976158142
17.05.17 19:15,0.899999976158142
17.05.17 22:19,0.899999976158142
18.05.17 1:22,0.899999976158142
18.05.17 4:26,0.899999976158142
18.05.17 7:31,0.899999976158142
18.05.17 10:05,0.899999976158142
18.05.17 13:09,0.899999976158142
18.05.17 16:09,0.899999976158142
18.05.17 19:13,0.899999976158142
18.05.17 22:17,0.899999976158142
19.05.17 1:22,0.899999976158142
19.05.17 4:26,0.899999976158142
19.05.17 7:28,0.899999976158142
19.05.17 10:05,0.899999976158142
19.05.17 13:11,0.899999976158142
19.05.17 16:13,0.899999976158142
19.05.17 19:17,0.899999976158142
19.05.17 22:20,0.899999976158142
20.05.17 1:20,0.899999976158142
20.05.17 4:23,0.899999976158142
20.05.17 7:25,0.899999976158142
20.05.17 10:10,0.899999976158142
20.05.17 13:13,0.899999976158142
20.05.17 16:17,0.899999976158142
20.05.17 19:24,0.899999976158142
20.05.17 22:27,0.899999976158142
21.05.17 1:31,0.899999976158142
21.05.17 2:01,0.899999976158142
21.05.17 5:03,0.899999976158142
21.05.17 8:05,0.899999976158142
21.05.17 10:05,0.899999976158142
21.05.17 13:07,0.899999976158142
21.05.17 16:10,0.899999976158142
21.05.17 19:13,0.899999976158142
21.05.17 22:17,0.899999976158142
22.05.17 1:19,0.899999976158142
22.05.17 4:23,0.899999976158142
22.05.17 7:26,0.899999976158142
22.05.17 10:10,0.899999976158142
22.05.17 13:14,0.899999976158142
22.05.17 16:17,0.899999976158142
22.05.17 19:19,0.899999976158142
22.05.17 22:22,0.899999976158142
23.05.17 1:26,0.899999976158142
23.05.17 4:28,0.899999976158142
23.05.17 7:31,0.899999976158142
23.05.17 10:05,0.899999976158142
23.05.17 13:12,0.899999976158142
23.05.17 16:15,0.899999976158142
23.05.17 19:23,0.899999976158142
23.05.17 22:27,0.899999976158142
24.05.17 1:32,0.899999976158142
24.05.17 4:34,0.899999976158142
24.05.17 7:37,0.899999976158142
24.05.17 10:05,0.899999976158142
24.05.17 13:08,0.899999976158142
24.05.17 16:10,0.899999976158142
24.05.17 19:12,0.899999976158142
24.05.17 22:15,0.899999976158142
25.05.17 1:19,0.899999976158142
25.05.17 4:22,0.899999976158142
25.05.17 7:25,0.899999976158142
25.05.17 10:05,0.899999976158142
25.05.17 13:07,0.899999976158142
25.05.17 16:10,0.899999976158142
25.05.17 19:12,0.899999976158142
25.05.17 22:15,0.899999976158142
26.05.17 1:19,0.899999976158142
26.05.17 4:23,0.899999976158142
26.05.17 7:26,0.899999976158142
26.05.17 10:05,0.899999976158142
26.05.17 13:08,0.899999976158142
26.05.17 16:12,0.899999976158142
26.05.17 19:14,0.899999976158142
26.05.17 22:17,0.899999976158142
27.05.17 1:20,0.899999976158142
27.05.17 9:02,0.899999976158142
27.05.17 10:10,0.899999976158142
27.05.17 13:12,0.899999976158142
27.05.17 16:15,0.899999976158142
27.05.17 19:17,0.899999976158142
27.05.17 22:21,0.899999976158142
28.05.17 1:24,0.899999976158142
28.05.17 2:01,0.899999976158142
28.05.17 5:04,0.899999976158142
28.05.17 8:06,0.899999976158142
28.05.17 10:10,0.899999976158142
28.05.17 13:12,0.899999976158142
28.05.17 16:15,0.899999976158142
28.05.17 19:18,0.899999976158142
28.05.17 22:22,0.899999976158142
29.05.17 1:26,0.899999976158142
29.05.17 4:29,0.899999976158142
29.05.17 7:31,0.899999976158142
29.05.17 10:05,0.899999976158142
29.05.17 13:12,0.899999976158142
29.05.17 16:15,0.899999976158142
29.05.17 19:18,0.899999976158142
29.05.17 22:27,0.899999976158142
30.05.17 6:34,0.899999976158142
30.05.17 9:37,0.899999976158142
30.05.17 10:10,0.899999976158142
30.05.17 13:14,0.899999976158142
30.05.17 16:16,0.899999976158142
30.05.17 19:19,0.899999976158142
30.05.17 22:24,0.899999976158142
31.05.17 1:26,0.899999976158142
31.05.17 4:29,0.899999976158142
31.05.17 7:31,0.899999976158142
31.05.17 10:05,0.899999976158142
31.05.17 13:07,0.899999976158142
31.05.17 16:11,0.899999976158142
31.05.17 19:16,0.899999976158142
31.05.17 22:19,0.899999976158142
01.06.17 1:22,0.899999976158142
01.06.17 4:25,0.899999976158142
01.06.17 7:28,0.899999976158142
01.06.17 10:05,0.899999976158142
01.06.17 13:08,0.899999976158142
01.06.17 16:10,0.899999976158142
01.06.17 19:13,0.899999976158142
01.06.17 22:16,0.899999976158142
02.06.17 1:18,0.899999976158142
02.06.17 4:22,0.899999976158142
02.06.17 7:24,0.899999976158142
02.06.17 10:05,0.899999976158142
02.06.17 13:07,0.899999976158142
02.06.17 16:10,0.899999976158142
02.06.17 19:13,0.899999976158142
02.06.17 22:17,0.899999976158142
03.06.17 1:17,0.899999976158142
03.06.17 4:20,0.899999976158142
03.06.17 7:24,0.899999976158142
03.06.17 10:05,0.899999976158142
03.06.17 13:07,0.899999976158142
03.06.17 16:10,0.899999976158142
03.06.17 19:12,0.899999976158142
03.06.17 22:16,0.899999976158142
04.06.17 1:18,0.899999976158142
04.06.17 2:01,0.899999976158142
04.06.17 9:46,0.899999976158142
04.06.17 10:05,0.899999976158142
04.06.17 13:12,0.899999976158142
04.06.17 16:15,0.899999976158142
04.06.17 19:18,0.899999976158142
04.06.17 22:22,0.899999976158142
05.06.17 1:24,0.899999976158142
05.06.17 4:27,0.899999976158142
05.06.17 7:29,0.899999976158142
05.06.17 10:05,0.899999976158142
05.06.17 13:08,0.899999976158142
05.06.17 16:10,0.899999976158142
05.06.17 19:12,0.899999976158142
05.06.17 22:15,0.899999976158142
06.06.17 1:15,0.899999976158142
06.06.17 4:17,0.899999976158142
06.06.17 7:20,0.899999976158142
06.06.17 10:05,0.899999976158142
06.06.17 13:06,0.899999976158142
06.06.17 16:08,0.899999976158142
06.06.17 19:13,0.899999976158142
06.06.17 22:18,0.899999976158142
07.06.17 1:21,0.899999976158142
07.06.17 4:23,0.899999976158142
07.06.17 7:26,0.899999976158142
07.06.17 10:10,0.899999976158142
07.06.17 13:12,0.899999976158142
07.06.17 16:15,0.899999976158142
07.06.17 19:18,0.899999976158142
07.06.17 22:21,0.899999976158142
08.06.17 1:26,0.899999976158142
08.06.17 4:28,0.899999976158142
08.06.17 7:31,0.899999976158142
08.06.17 10:05,0.899999976158142
08.06.17 13:08,0.899999976158142
08.06.17 16:15,0.899999976158142
08.06.17 19:18,0.899999976158142
08.06.17 22:21,0.899999976158142
09.06.17 1:23,0.899999976158142
09.06.17 4:25,0.899999976158142
09.06.17 7:28,0.899999976158142
09.06.17 10:05,0.899999976158142
09.06.17 13:07,0.899999976158142
09.06.17 16:10,0.899999976158142
09.06.17 19:12,0.899999976158142
09.06.17 22:21,0.899999976158142
10.06.17 1:26,0.899999976158142
10.06.17 4:28,0.899999976158142
10.06.17 7:31,0.899999976158142
10.06.17 10:05,0.899999976158142
10.06.17 13:07,0.899999976158142
10.06.17 16:10,0.899999976158142
10.06.17 19:13,0.899999976158142
10.06.17 22:17,0.899999976158142
11.06.17 1:20,0.899999976158142
11.06.17 2:06,0.899999976158142
11.06.17 5:09,0.899999976158142
11.06.17 8:11,0.899999976158142
11.06.17 10:05,0.899999976158142
11.06.17 13:14,0.899999976158142
11.06.17 16:19,0.899999976158142
11.06.17 19:21,0.899999976158142
11.06.17 22:25,0.899999976158142
12.06.17 1:28,0.899999976158142
12.06.17 4:30,0.899999976158142
12.06.17 7:38,0.899999976158142
12.06.17 10:05,0.899999976158142
12.06.17 13:07,0.899999976158142
12.06.17 16:10,0.899999976158142
12.06.17 19:12,0.899999976158142
12.06.17 22:15,0.899999976158142
13.06.17 1:19,0.899999976158142
13.06.17 4:22,0.899999976158142
13.06.17 7:24,0.899999976158142
13.06.17 10:10,0.899999976158142
13.06.17 13:14,0.899999976158142
13.06.17 16:22,0.899999976158142
13.06.17 19:25,0.899999976158142
13.06.17 22:27,0.899999976158142
14.06.17 1:31,0.899999976158142
14.06.17 4:33,0.899999976158142
14.06.17 7:35,0.899999976158142
14.06.17 10:05,0.899999976158142
14.06.17 13:08,0.899999976158142
14.06.17 16:10,0.899999976158142
14.06.17 19:13,0.899999976158142
14.06.17 22:17,0.899999976158142
15.06.17 1:29,0.899999976158142
15.06.17 4:32,0.899999976158142
15.06.17 7:35,0.899999976158142
15.06.17 10:05,0.899999976158142
15.06.17 13:07,0.899999976158142
15.06.17 16:10,0.899999976158142
15.06.17 19:13,0.899999976158142
15.06.17 22:17,0.899999976158142
16.06.17 1:20,0.899999976158142
16.06.17 4:23,0.899999976158142
16.06.17 7:27,0.899999976158142
16.06.17 10:05,0.899999976158142
16.06.17 13:07,0.899999976158142
16.06.17 16:20,0.899999976158142
16.06.17 19:22,0.899999976158142
16.06.17 22:26,0.899999976158142
17.06.17 1:29,0.899999976158142
17.06.17 4:32,0.899999976158142
17.06.17 7:35,0.899999976158142
17.06.17 10:10,0.899999976158142
17.06.17 13:13,0.899999976158142
17.06.17 16:15,0.899999976158142
17.06.17 19:27,0.899999976158142
17.06.17 22:36,0.899999976158142
18.06.17 1:49,0.899999976158142
18.06.17 2:06,0.899999976158142
18.06.17 5:10,0.899999976158142
18.06.17 8:12,0.899999976158142
18.06.17 10:05,0.899999976158142
18.06.17 13:07,0.899999976158142
18.06.17 16:10,0.899999976158142
18.06.17 19:12,0.899999976158142
18.06.17 22:15,0.899999976158142
19.06.17 1:17,0.899999976158142
19.06.17 4:22,0.899999976158142
19.06.17 7:24,0.899999976158142
19.06.17 10:05,0.899999976158142
19.06.17 13:07,0.899999976158142
19.06.17 16:10,0.899999976158142
19.06.17 19:12,0.899999976158142
19.06.17 22:15,0.899999976158142
20.06.17 1:15,0.899999976158142
20.06.17 4:18,0.899999976158142
20.06.17 7:20,0.899999976158142
20.06.17 10:10,0.899999976158142
20.06.17 13:13,0.899999976158142
20.06.17 16:15,0.899999976158142
20.06.17 19:18,0.899999976158142
20.06.17 22:22,0.899999976158142
21.06.17 1:26,0.899999976158142
21.06.17 4:28,0.899999976158142
21.06.17 7:31,0.899999976158142
21.06.17 10:10,0.899999976158142
21.06.17 13:13,0.899999976158142
21.06.17 16:15,0.899999976158142
21.06.17 19:19,0.899999976158142
21.06.17 22:22,0.899999976158142
22.06.17 1:25,0.899999976158142
22.06.17 4:28,0.899999976158142
22.06.17 7:31,0.899999976158142
22.06.17 10:10,0.899999976158142
22.06.17 13:18,0.899999976158142
22.06.17 16:21,0.899999976158142
22.06.17 19:25,0.899999976158142
22.06.17 22:27,0.899999976158142
23.06.17 1:31,0.899999976158142
23.06.17 4:34,0.899999976158142
23.06.17 7:36,0.899999976158142
23.06.17 10:05,0.899999976158142
23.06.17 13:07,0.899999976158142
23.06.17 16:10,0.899999976158142
23.06.17 19:13,0.899999976158142
23.06.17 22:16,0.899999976158142
24.06.17 1:19,0.899999976158142
24.06.17 4:21,0.899999976158142
24.06.17 7:23,0.899999976158142
24.06.17 10:05,0.899999976158142
24.06.17 13:07,0.899999976158142
24.06.17 16:10,0.899999976158142
24.06.17 19:12,0.899999976158142
24.06.17 22:15,0.899999976158142
25.06.17 1:19,0.899999976158142
25.06.17 2:01,0.899999976158142
25.06.17 5:04,0.899999976158142
25.06.17 8:06,0.899999976158142
25.06.17 10:10,0.899999976158142
25.06.17 13:12,0.899999976158142
25.06.17 16:15,0.899999976158142
25.06.17 19:18,0.899999976158142
25.06.17 22:22,0.899999976158142
26.06.17 1:27,0.899999976158142
26.06.17 4:34,0.899999976158142
26.06.17 7:37,0.899999976158142
26.06.17 10:05,0.899999976158142
26.06.17 13:07,0.899999976158142
26.06.17 16:10,0.899999976158142
26.06.17 19:13,0.899999976158142
26.06.17 22:17,0.899999976158142
27.06.17 1:19,0.899999976158142
27.06.17 4:22,0.899999976158142
27.06.17 7:24,0.899999976158142
27.06.17 10:10,0.899999976158142
27.06.17 13:12,0.899999976158142
27.06.17 16:15,0.899999976158142
27.06.17 19:18,0.899999976158142
27.06.17 22:22,0.899999976158142
28.06.17 1:26,0.899999976158142
28.06.17 4:30,0.899999976158142
28.06.17 7:39,0.899999976158142
28.06.17 10:05,0.899999976158142
28.06.17 13:07,0.899999976158142
28.06.17 16:10,0.899999976158142
28.06.17 19:13,0.899999976158142
28.06.17 22:17,0.899999976158142
29.06.17 1:20,0.899999976158142
29.06.17 4:23,0.899999976158142
29.06.17 7:25,0.899999976158142
29.06.17 10:05,0.899999976158142
29.06.17 13:07,0.899999976158142
29.06.17 16:13,0.899999976158142
29.06.17 19:15,0.899999976158142
29.06.17 22:17,0.899999976158142
30.06.17 1:19,0.899999976158142
30.06.17 4:22,0.899999976158142
30.06.17 7:24,0.899999976158142
30.06.17 10:10,0.899999976158142
30.06.17 13:13,0.899999976158142
30.06.17 16:15,0.899999976158142
30.06.17 19:18,0.899999976158142
30.06.17 22:22,0.899999976158142
01.07.17 1:25,0.899999976158142
01.07.17 4:27,0.899999976158142
01.07.17 7:31,0.899999976158142
01.07.17 10:10,0.899999976158142
01.07.17 13:14,0.899999976158142
01.07.17 16:17,0.899999976158142
01.07.17 19:20,0.899999976158142
01.07.17 22:22,0.899999976158142
02.07.17 1:25,0.899999976158142
02.07.17 2:01,0.899999976158142
02.07.17 5:03,0.899999976158142
02.07.17 8:06,0.899999976158142
02.07.17 10:10,0.899999976158142
02.07.17 13:12,0.899999976158142
02.07.17 16:15,0.899999976158142
02.07.17 19:18,0.899999976158142
02.07.17 22:22,0.899999976158142
03.07.17 1:25,0.899999976158142
03.07.17 4:29,0.899999976158142
03.07.17 7:32,0.899999976158142
03.07.17 10:05,0.899999976158142
03.07.17 13:07,0.899999976158142
03.07.17 16:10,0.899999976158142
03.07.17 19:13,0.899999976158142
03.07.17 22:18,0.899999976158142
04.07.17 1:22,0.899999976158142
04.07.17 4:26,0.899999976158142
04.07.17 7:28,0.899999976158142
04.07.17 10:10,0.899999976158142
04.07.17 13:11,0.899999976158142
04.07.17 16:14,0.899999976158142
04.07.17 19:16,0.899999976158142
04.07.17 22:19,0.899999976158142
05.07.17 1:22,0.899999976158142
05.07.17 4:24,0.899999976158142
05.07.17 7:27,0.899999976158142
05.07.17 10:10,0.899999976158142
05.07.17 13:12,0.899999976158142
05.07.17 16:14,0.899999976158142
05.07.17 19:23,0.899999976158142
05.07.17 22:26,0.899999976158142
06.07.17 1:29,0.899999976158142
06.07.17 4:32,0.899999976158142
06.07.17 7:34,0.899999976158142
06.07.17 10:15,0.899999976158142
06.07.17 13:18,0.899999976158142
06.07.17 16:20,0.899999976158142
06.07.17 19:23,0.899999976158142
06.07.17 22:27,0.899999976158142
07.07.17 1:29,0.899999976158142
07.07.17 4:32,0.899999976158142
07.07.17 7:34,0.899999976158142
07.07.17 10:05,0.899999976158142
07.07.17 13:07,0.899999976158142
07.07.17 16:10,0.899999976158142
07.07.17 19:12,0.899999976158142
07.07.17 22:21,0.899999976158142
08.07.17 1:24,0.899999976158142
08.07.17 4:26,0.899999976158142
08.07.17 7:29,0.899999976158142
08.07.17 10:05,0.899999976158142
08.07.17 13:07,0.899999976158142
08.07.17 16:10,0.899999976158142
08.07.17 19:13,0.899999976158142
08.07.17 22:17,0.899999976158142
09.07.17 1:20,0.899999976158142
09.07.17 2:06,0.899999976158142
09.07.17 5:10,0.899999976158142
09.07.17 8:13,0.899999976158142
09.07.17 10:05,0.899999976158142
09.07.17 13:07,0.899999976158142
09.07.17 16:10,0.899999976158142
09.07.17 19:13,0.899999976158142
09.07.17 22:18,0.899999976158142
10.07.17 1:21,0.899999976158142
10.07.17 4:24,0.899999976158142
10.07.17 7:27,0.899999976158142
10.07.17 10:05,0.899999976158142
10.07.17 13:08,0.899999976158142
10.07.17 16:11,0.899999976158142
10.07.17 19:14,0.899999976158142
10.07.17 22:18,0.899999976158142
11.07.17 1:26,0.899999976158142
11.07.17 4:28,0.899999976158142
11.07.17 7:31,0.899999976158142
11.07.17 10:05,0.899999976158142
11.07.17 13:07,0.899999976158142
11.07.17 16:09,0.899999976158142
11.07.17 19:13,0.899999976158142
11.07.17 22:16,0.899999976158142
12.07.17 1:26,0.899999976158142
12.07.17 4:28,0.899999976158142
12.07.17 7:36,0.899999976158142
12.07.17 10:05,0.899999976158142
12.07.17 13:07,0.899999976158142
12.07.17 16:10,0.899999976158142
12.07.17 19:13,0.899999976158142
12.07.17 22:17,0.899999976158142
13.07.17 1:19,0.899999976158142
13.07.17 4:22,0.899999976158142
13.07.17 7:24,0.899999976158142
13.07.17 10:10,0.899999976158142
13.07.17 13:13,0.899999976158142
13.07.17 16:16,0.899999976158142
13.07.17 19:20,0.899999976158142
13.07.17 22:23,0.899999976158142
14.07.17 1:25,0.899999976158142
14.07.17 4:28,0.899999976158142
14.07.17 7:31,0.899999976158142
14.07.17 10:05,0.899999976158142
14.07.17 13:09,0.899999976158142
14.07.17 16:11,0.899999976158142
14.07.17 19:14,0.899999976158142
14.07.17 22:23,0.899999976158142
15.07.17 1:26,0.899999976158142
15.07.17 4:28,0.899999976158142
15.07.17 7:30,0.899999976158142
15.07.17 10:10,0.899999976158142
15.07.17 13:13,0.899999976158142
15.07.17 16:15,0.899999976158142
15.07.17 19:18,0.899999976158142
15.07.17 22:22,0.899999976158142
16.07.17 1:26,0.899999976158142
16.07.17 2:00,0.899999976158142
16.07.17 5:04,0.899999976158142
16.07.17 8:06,0.899999976158142
16.07.17 10:05,0.899999976158142
16.07.17 13:08,0.899999976158142
16.07.17 16:10,0.899999976158142
16.07.17 19:13,0.899999976158142
16.07.17 22:17,0.899999976158142
17.07.17 1:19,0.899999976158142
17.07.17 4:22,0.899999976158142
17.07.17 7:24,0.899999976158142
17.07.17 10:05,0.899999976158142
17.07.17 13:13,0.899999976158142
17.07.17 16:15,0.899999976158142
17.07.17 19:18,0.899999976158142
17.07.17 22:22,0.899999976158142
18.07.17 1:26,0.899999976158142
18.07.17 4:28,0.899999976158142
18.07.17 7:31,0.899999976158142
18.07.17 10:10,0.899999976158142
18.07.17 13:13,0.899999976158142
18.07.17 16:15,0.899999976158142
18.07.17 19:19,0.899999976158142
18.07.17 22:22,0.899999976158142
19.07.17 1:26,0.899999976158142
19.07.17 4:30,0.899999976158142
19.07.17 7:37,0.899999976158142
19.07.17 10:10,0.899999976158142
19.07.17 13:14,0.899999976158142
19.07.17 16:17,0.899999976158142
19.07.17 19:19,0.899999976158142
19.07.17 22:22,0.899999976158142
20.07.17 1:26,0.899999976158142
20.07.17 4:28,0.899999976158142
20.07.17 7:31,0.899999976158142
20.07.17 10:05,0.899999976158142
20.07.17 13:06,0.899999976158142
20.07.17 16:08,0.899999976158142
20.07.17 19:12,0.899999976158142
20.07.17 22:14,0.899999976158142
21.07.17 1:17,0.899999976158142
21.07.17 4:20,0.899999976158142
21.07.17 7:23,0.899999976158142
21.07.17 10:05,0.899999976158142
21.07.17 13:07,0.899999976158142
21.07.17 16:10,0.899999976158142
21.07.17 19:17,0.899999976158142
21.07.17 22:20,0.899999976158142
22.07.17 1:23,0.899999976158142
22.07.17 4:26,0.899999976158142
22.07.17 7:28,0.899999976158142
22.07.17 10:05,0.899999976158142
22.07.17 13:13,0.899999976158142
22.07.17 16:15,0.899999976158142
22.07.17 19:18,0.899999976158142
22.07.17 22:20,0.899999976158142
23.07.17 1:23,0.899999976158142
23.07.17 2:06,0.899999976158142
23.07.17 5:09,0.899999976158142
23.07.17 8:11,0.899999976158142
23.07.17 10:10,0.899999976158142
23.07.17 13:13,0.899999976158142
23.07.17 16:15,0.899999976158142
23.07.17 19:18,0.899999976158142
23.07.17 22:22,0.899999976158142
24.07.17 1:26,0.899999976158142
24.07.17 4:40,0.899999976158142
24.07.17 7:43,0.899999976158142
24.07.17 10:10,0.899999976158142
24.07.17 13:13,0.899999976158142
24.07.17 16:15,0.899999976158142
24.07.17 19:18,0.899999976158142
24.07.17 22:22,0.899999976158142
25.07.17 1:25,0.899999976158142
25.07.17 4:28,0.899999976158142
25.07.17 7:31,0.899999976158142
25.07.17 10:05,0.899999976158142
25.07.17 13:07,0.899999976158142
25.07.17 16:10,0.899999976158142
25.07.17 19:13,0.899999976158142
25.07.17 22:17,0.899999976158142
26.07.17 1:20,0.899999976158142
26.07.17 4:23,0.899999976158142
26.07.17 7:26,0.899999976158142
26.07.17 10:05,0.899999976158142
26.07.17 13:09,0.899999976158142
26.07.17 16:12,0.899999976158142
26.07.17 19:17,0.899999976158142
26.07.17 22:22,0.899999976158142
27.07.17 1:26,0.899999976158142
27.07.17 4:28,0.899999976158142
27.07.17 7:31,0.899999976158142
27.07.17 10:05,0.899999976158142
27.07.17 13:09,0.899999976158142
27.07.17 16:13,0.899999976158142
27.07.17 19:15,0.899999976158142
27.07.17 22:19,0.899999976158142
28.07.17 1:23,0.899999976158142
28.07.17 4:31,0.899999976158142
28.07.17 7:33,0.899999976158142
28.07.17 10:05,0.899999976158142
28.07.17 13:07,0.899999976158142
28.07.17 16:10,0.899999976158142
28.07.17 19:12,0.899999976158142
28.07.17 22:15,0.899999976158142
29.07.17 1:18,0.899999976158142
29.07.17 4:22,0.899999976158142
29.07.17 7:25,0.899999976158142
29.07.17 10:05,0.899999976158142
29.07.17 13:07,0.899999976158142
29.07.17 16:10,0.899999976158142
29.07.17 19:13,0.899999976158142
29.07.17 22:17,0.899999976158142
30.07.17 1:20,0.899999976158142
30.07.17 2:01,0.899999976158142
30.07.17 5:03,0.899999976158142
30.07.17 8:06,0.899999976158142
30.07.17 10:05,0.899999976158142
30.07.17 13:10,0.899999976158142
30.07.17 16:12,0.899999976158142
30.07.17 19:15,0.899999976158142
30.07.17 22:25,0.899999976158142
31.07.17 1:27,0.899999976158142
31.07.17 4:29,0.899999976158142
31.07.17 7:32,0.899999976158142
31.07.17 10:05,0.899999976158142
31.07.17 13:10,0.899999976158142
31.07.17 16:13,0.899999976158142
31.07.17 19:15,0.899999976158142
31.07.17 22:20,0.899999976158142
01.08.17 4:34,0.899999976158142
01.08.17 7:36,0.899999976158142
01.08.17 10:05,0.899999976158142
01.08.17 13:08,0.899999976158142
01.08.17 16:10,0.899999976158142
01.08.17 19:13,0.899999976158142
01.08.17 22:16,0.899999976158142
02.08.17 1:18,0.899999976158142
02.08.17 4:22,0.899999976158142
02.08.17 7:24,0.899999976158142
02.08.17 10:05,0.899999976158142
02.08.17 13:07,0.899999976158142
02.08.17 16:10,0.899999976158142
02.08.17 19:13,0.899999976158142
02.08.17 22:16,0.899999976158142
03.08.17 1:19,0.899999976158142
03.08.17 4:22,0.899999976158142
03.08.17 7:24,0.899999976158142
03.08.17 10:05,0.899999976158142
03.08.17 13:09,0.899999976158142
03.08.17 16:11,0.899999976158142
03.08.17 19:16,0.899999976158142
03.08.17 22:19,0.899999976158142
04.08.17 1:22,0.899999976158142
04.08.17 4:24,0.899999976158142
04.08.17 7:27,0.899999976158142
04.08.17 10:05,0.899999976158142
04.08.17 13:07,0.899999976158142
04.08.17 16:10,0.899999976158142
04.08.17 19:12,0.899999976158142
04.08.17 22:16,0.899999976158142
05.08.17 1:19,0.899999976158142
05.08.17 4:22,0.899999976158142
05.08.17 7:24,0.899999976158142
05.08.17 10:05,0.899999976158142
05.08.17 13:07,0.899999976158142
05.08.17 16:10,0.899999976158142
05.08.17 19:18,0.899999976158142
05.08.17 22:22,0.899999976158142
06.08.17 1:26,0.899999976158142
06.08.17 2:06,0.899999976158142
06.08.17 5:09,0.899999976158142
06.08.17 8:13,0.899999976158142
06.08.17 10:05,0.899999976158142
06.08.17 13:07,0.899999976158142
06.08.17 16:11,0.899999976158142
06.08.17 19:11,0.899999976158142
06.08.17 22:14,0.899999976158142
07.08.17 1:17,0.899999976158142
07.08.17 4:19,0.899999976158142
07.08.17 7:22,0.899999976158142
07.08.17 10:15,0.899999976158142
07.08.17 13:19,0.899999976158142
07.08.17 16:23,0.899999976158142
07.08.17 19:25,0.899999976158142
07.08.17 22:31,0.899999976158142
08.08.17 1:34,0.899999976158142
08.08.17 4:36,0.899999976158142
08.08.17 7:36,0.899999976158142
08.08.17 10:10,0.899999976158142
08.08.17 13:13,0.899999976158142
08.08.17 16:17,0.899999976158142
08.08.17 19:19,0.899999976158142
08.08.17 22:22,0.899999976158142
09.08.17 1:24,0.899999976158142
09.08.17 4:27,0.899999976158142
09.08.17 7:30,0.899999976158142
09.08.17 10:05,0.899999976158142
09.08.17 13:09,0.899999976158142
09.08.17 16:12,0.899999976158142
09.08.17 19:21,0.899999976158142
09.08.17 22:25,0.899999976158142
10.08.17 1:26,0.899999976158142
10.08.17 4:28,0.899999976158142
10.08.17 7:31,0.899999976158142
10.08.17 10:05,0.899999976158142
10.08.17 13:07,0.899999976158142
10.08.17 16:09,0.899999976158142
10.08.17 19:11,0.899999976158142
10.08.17 22:15,0.899999976158142
11.08.17 1:29,0.899999976158142
11.08.17 4:32,0.899999976158142
11.08.17 7:35,0.899999976158142
11.08.17 10:05,0.899999976158142
11.08.17 13:07,0.899999976158142
11.08.17 16:10,0.899999976158142
11.08.17 19:14,0.899999976158142
11.08.17 22:17,0.899999976158142
12.08.17 1:19,0.899999976158142
12.08.17 4:23,0.899999976158142
12.08.17 7:26,0.899999976158142
12.08.17 10:05,0.899999976158142
12.08.17 13:09,0.899999976158142
12.08.17 16:11,0.899999976158142
12.08.17 19:14,0.899999976158142
12.08.17 22:15,0.899999976158142
13.08.17 1:18,0.899999976158142
13.08.17 2:01,0.899999976158142
13.08.17 5:03,0.899999976158142
13.08.17 8:06,0.899999976158142
13.08.17 10:05,0.899999976158142
13.08.17 13:07,0.899999976158142
13.08.17 16:15,0.899999976158142
13.08.17 19:19,0.899999976158142
13.08.17 22:24,0.899999976158142
14.08.17 1:27,0.899999976158142
14.08.17 4:35,0.899999976158142
14.08.17 7:38,0.899999976158142
14.08.17 10:05,0.899999976158142
14.08.17 13:07,0.899999976158142
14.08.17 16:15,0.899999976158142
14.08.17 19:18,0.899999976158142
14.08.17 22:21,0.899999976158142
15.08.17 1:24,0.899999976158142
15.08.17 4:27,0.899999976158142
15.08.17 7:29,0.899999976158142
15.08.17 10:06,0.899999976158142
15.08.17 13:08,0.899999976158142
15.08.17 16:11,0.899999976158142
15.08.17 19:14,0.899999976158142
15.08.17 22:17,0.899999976158142
16.08.17 1:20,0.899999976158142
16.08.17 4:23,0.899999976158142
16.08.17 7:25,0.899999976158142
16.08.17 10:05,0.899999976158142
16.08.17 13:08,0.899999976158142
16.08.17 21:29,0.899999976158142
17.08.17 0:32,0.899999976158142
17.08.17 3:34,0.899999976158142
17.08.17 6:37,0.899999976158142
17.08.17 9:41,0.899999976158142
17.08.17 10:05,0.899999976158142
17.08.17 13:07,0.899999976158142
17.08.17 16:10,0.899999976158142
17.08.17 19:12,0.899999976158142
17.08.17 22:17,0.899999976158142
18.08.17 1:22,0.899999976158142
18.08.17 4:24,0.899999976158142
18.08.17 7:27,0.899999976158142
18.08.17 10:05,0.899999976158142
18.08.17 13:07,0.899999976158142
18.08.17 16:10,0.899999976158142
18.08.17 19:18,0.899999976158142
18.08.17 22:34,0.899999976158142
19.08.17 1:37,0.899999976158142
19.08.17 9:02,0.899999976158142
19.08.17 10:10,0.899999976158142
19.08.17 13:14,0.899999976158142
19.08.17 16:17,0.899999976158142
19.08.17 19:17,0.899999976158142
19.08.17 22:21,0.899999976158142
20.08.17 1:23,0.899999976158142
20.08.17 2:01,0.899999976158142
20.08.17 9:02,0.899999976158142
20.08.17 10:05,0.899999976158142
20.08.17 13:08,0.899999976158142
20.08.17 16:11,0.899999976158142
20.08.17 19:15,0.899999976158142
20.08.17 22:20,0.899999976158142
21.08.17 1:22,0.899999976158142
21.08.17 4:25,0.899999976158142
21.08.17 7:28,0.899999976158142
21.08.17 10:05,0.899999976158142
21.08.17 13:12,0.899999976158142
21.08.17 16:14,0.899999976158142
21.08.17 19:18,0.899999976158142
21.08.17 22:21,0.899999976158142
22.08.17 1:25,0.899999976158142
22.08.17 4:28,0.899999976158142
22.08.17 7:32,0.899999976158142
22.08.17 10:05,0.899999976158142
22.08.17 13:07,0.899999976158142
22.08.17 16:10,0.899999976158142
22.08.17 19:13,0.899999976158142
22.08.17 22:17,0.899999976158142
23.08.17 1:20,0.899999976158142
23.08.17 4:22,0.899999976158142
23.08.17 7:29,0.899999976158142
23.08.17 10:05,0.899999976158142
23.08.17 13:07,0.899999976158142
23.08.17 16:10,0.899999976158142
23.08.17 19:23,0.899999976158142
23.08.17 22:24,0.899999976158142
24.08.17 1:26,0.899999976158142
24.08.17 4:29,0.899999976158142
24.08.17 7:32,0.899999976158142
24.08.17 10:05,0.899999976158142
24.08.17 13:07,0.899999976158142
24.08.17 16:10,0.899999976158142
24.08.17 19:12,0.899999976158142
24.08.17 22:15,0.899999976158142
25.08.17 1:18,0.899999976158142
25.08.17 4:20,0.899999976158142
25.08.17 7:23,0.899999976158142
25.08.17 10:05,0.899999976158142
25.08.17 13:07,0.899999976158142
25.08.17 16:14,0.899999976158142
25.08.17 19:18,0.899999976158142
25.08.17 22:26,0.899999976158142
26.08.17 1:26,0.899999976158142
26.08.17 4:29,0.899999976158142
26.08.17 7:32,0.899999976158142
